年,表示区分,国籍・地域,人口,総人口,構成比,構成比_pct
2024,その他,ベトナム,310391,1190774,0.26066323248576134,26.066323248576133
2024,その他,中国,269075,1190774,0.22596647222730762,22.596647222730763
2024,その他,ネパール,119609,1190774,0.1004464323204907,10.04464323204907
2024,その他,インドネシア,65915,1190774,0.055354752455125826,5.535475245512583
2024,その他,ミャンマー,54663,1190774,0.04590543629605618,4.590543629605618
2024,その他,フィリピン,53762,1190774,0.04514878557979936,4.5148785579799355
2024,その他,韓国,48393,1190774,0.04063995350923013,4.063995350923013
2024,その他,インド,37461,1190774,0.031459370123969786,3.1459370123969785
2024,その他,スリランカ,33932,1190774,0.02849575150280406,2.8495751502804056
2024,その他,台湾,26097,1190774,0.021915997494066884,2.1915997494066883
2024,その他,米国,24230,1190774,0.020348109716873227,2.034810971687323
2024,その他,パキスタン,16357,1190774,0.013736443691246198,1.3736443691246198
2024,その他,バングラデシュ,15271,1190774,0.012824431840130874,1.2824431840130874
2024,その他,タイ,13035,1190774,0.010946661583138362,1.0946661583138362
2024,その他,モンゴル,10374,1190774,0.00871198061093037,0.871198061093037
2024,その他,英国,8063,1190774,0.006771226110076303,0.6771226110076303
2024,その他,フランス,7174,1190774,0.006024652872837331,0.6024652872837332
2024,その他,カンボジア,7096,1190774,0.005959149259221313,0.5959149259221314
2024,その他,アフガニスタン,4908,1190774,0.004121688918300198,0.4121688918300198
2024,その他,オーストラリア,4848,1190774,0.004071301523210953,0.4071301523210953
2024,その他,マレーシア,4685,1190774,0.0039344157665518395,0.393441576655184
2024,その他,カナダ,4401,1190774,0.003695915429796082,0.3695915429796082
2024,その他,ロシア,3736,1190774,0.0031374551342236226,0.31374551342236223
2024,その他,ドイツ,3576,1190774,0.0030030887473189707,0.30030887473189705
2024,その他,トルコ,3552,1190774,0.002982933789283273,0.2982933789283273
2024,その他,ウズベキスタン,2698,1190774,0.0022657531991796933,0.22657531991796934
2024,その他,ブラジル,1927,1190774,0.0016182751722829017,0.16182751722829017
2024,その他,イタリア,1874,1190774,0.0015737663066207358,0.15737663066207358
2024,その他,スペイン,1678,1190774,0.0014091674826625371,0.14091674826625372
2024,その他,ニュージーランド,1670,1190774,0.0014024491633173046,0.14024491633173047
2024,その他,ウクライナ,1554,1190774,0.0013050335328114318,0.13050335328114318
2024,その他,シンガポール,1454,1190774,0.0012210545409960245,0.12210545409960245
2024,その他,エジプト,1282,1190774,0.0010766106750735235,0.10766106750735235
2024,その他,南アフリカ共和国,1108,1190774,0.0009304872293147146,0.09304872293147146
2024,その他,ナイジェリア,1093,1190774,0.0009178903805424036,0.09178903805424035
2024,その他,メキシコ,1036,1190774,0.0008700223552076213,0.08700223552076213
2024,その他,カメルーン,881,1190774,0.0007398549178937397,0.07398549178937397
2024,その他,イラン,769,1190774,0.0006457984470604833,0.06457984470604833
2024,その他,シリア,754,1190774,0.0006332015982881723,0.06332015982881722
2024,その他,ガーナ,734,1190774,0.0006164057999250908,0.061640579992509076
2024,その他,オランダ,716,1190774,0.0006012895813983174,0.06012895813983174
2024,その他,ジャマイカ,687,1190774,0.0005769356737718493,0.05769356737718493
2024,その他,スウェーデン,672,1190774,0.0005643388249995381,0.05643388249995381
2024,その他,ポーランド,668,1190774,0.0005609796653269218,0.05609796653269218
2024,その他,アルゼンチン,646,1190774,0.0005425042871275322,0.05425042871275322
2024,その他,アイルランド,611,1190774,0.0005131116399921396,0.05131116399921396
2024,その他,キルギス,517,1190774,0.00043417138768565654,0.043417138768565657
2024,その他,ラオス,500,1190774,0.00041989495907703727,0.041989495907703726
2024,その他,ケニア,484,1190774,0.0004064583203865721,0.04064583203865721
2024,その他,ウガンダ,480,1190774,0.0004030991607139558,0.04030991607139558
2024,その他,セネガル,474,1190774,0.00039806042120503135,0.039806042120503135
2024,その他,チリ,447,1190774,0.00037538609341487134,0.03753860934148713
2024,その他,ジンバブエ,443,1190774,0.00037202693374225503,0.0372026933742255
2024,その他,スイス,439,1190774,0.0003686677740696387,0.03686677740696387
2024,その他,ベルギー,399,1190774,0.00033507617734347575,0.03350761773434757
2024,その他,デンマーク,397,1190774,0.0003333965975071676,0.03333965975071676
2024,その他,カザフスタン,384,1190774,0.00032247932857116466,0.03224793285711647
2024,その他,ペルー,377,1190774,0.00031660079914408614,0.03166007991440861
2024,その他,ポルトガル,372,1190774,0.00031240184955331574,0.031240184955331575
2024,その他,コンゴ民主共和国,354,1190774,0.0002972856310265424,0.02972856310265424
2024,その他,コロンビア,349,1190774,0.00029308668143577203,0.029308668143577202
2024,その他,チュニジア,346,1190774,0.0002905673116813098,0.02905673116813098
2024,その他,ハンガリー,338,1190774,0.0002838489923360772,0.02838489923360772
2024,その他,フィンランド,326,1190774,0.00027377151331822833,0.027377151331822832
2024,その他,ベネズエラ,315,1190774,0.0002645338242185335,0.02645338242185335
2024,その他,ブータン,311,1190774,0.0002611746645459172,0.026117466454591717
2024,その他,ルーマニア,290,1190774,0.00024353907626468164,0.024353907626468163
2024,その他,オーストリア,282,1190774,0.00023682075691944902,0.0236820756919449
2024,その他,エチオピア,276,1190774,0.00023178201741052458,0.023178201741052458
2024,その他,イスラエル,271,1190774,0.0002275830678197542,0.02275830678197542
2024,その他,ドミニカ共和国,245,1190774,0.00020574852994774826,0.020574852994774826
2024,その他,ギニア,239,1190774,0.00020070979043882383,0.020070979043882383
2024,その他,タンザニア,218,1190774,0.00018307420215758825,0.018307420215758825
2024,その他,スーダン,214,1190774,0.00017971504248497197,0.017971504248497198
2024,その他,タジキスタン,210,1190774,0.00017635588281235566,0.017635588281235567
2024,その他,ノルウェー,205,1190774,0.0001721569332215853,0.01721569332215853
2024,その他,サウジアラビア,200,1190774,0.00016795798363081492,0.016795798363081493
2024,その他,チェコ,196,1190774,0.0001645988239581986,0.01645988239581986
2024,その他,トリニダード・トバゴ,178,1190774,0.00014948260543142528,0.014948260543142527
2024,その他,モロッコ,176,1190774,0.00014780302559511713,0.014780302559511713
2024,その他,フィジー,167,1190774,0.00014024491633173045,0.014024491633173045
2024,その他,リトアニア,152,1190774,0.00012764806755941933,0.012764806755941932
2024,その他,イエメン,139,1190774,0.00011673079862341637,0.011673079862341637
2024,その他,イラク,139,1190774,0.00011673079862341637,0.011673079862341637
2024,その他,ブルガリア,133,1190774,0.00011169205911449192,0.011169205911449192
2024,その他,ベラルーシ,126,1190774,0.0001058135296874134,0.01058135296874134
2024,その他,アルジェリア,122,1190774,0.0001024543700147971,0.01024543700147971
2024,その他,ザンビア,121,1190774,0.00010161458009664302,0.010161458009664302
2024,その他,ヨルダン,118,1190774,9.90952103421808e-05,0.00990952103421808
2024,その他,セルビア,111,1190774,9.321668091510228e-05,0.009321668091510228
2024,その他,スロバキア,102,1190774,8.56585716517156e-05,0.00856585716517156
2024,その他,マラウイ,102,1190774,8.56585716517156e-05,0.00856585716517156
2024,その他,ギリシャ,93,1190774,7.810046238832893e-05,0.007810046238832894
2024,その他,マリ,93,1190774,7.810046238832893e-05,0.007810046238832894
2024,その他,レバノン,90,1190774,7.558109263386672e-05,0.007558109263386671
2024,その他,マダガスカル,88,1190774,7.390151279755856e-05,0.007390151279755857
2024,その他,トンガ,79,1190774,6.63434035341719e-05,0.0066343403534171895
2024,その他,エクアドル,78,1190774,6.550361361601782e-05,0.006550361361601782
2024,その他,ガンビア,78,1190774,6.550361361601782e-05,0.006550361361601782
2024,その他,アゼルバイジャン,76,1190774,6.382403377970967e-05,0.006382403377970966
2024,その他,コートジボワール,76,1190774,6.382403377970967e-05,0.006382403377970966
2024,その他,モザンビーク,71,1190774,5.9625084188939294e-05,0.005962508418893929
2024,その他,ブルキナファソ,69,1190774,5.7945504352631146e-05,0.0057945504352631145
2024,その他,エストニア,67,1190774,5.6265924516323e-05,0.0056265924516323
2024,その他,キューバ,67,1190774,5.6265924516323e-05,0.0056265924516323
2024,その他,ベナン,58,1190774,4.8707815252936326e-05,0.004870781525293633
2024,その他,ボリビア,58,1190774,4.8707815252936326e-05,0.004870781525293633
2024,その他,ルワンダ,58,1190774,4.8707815252936326e-05,0.004870781525293633
2024,その他,無国籍,57,1190774,4.786802533478225e-05,0.004786802533478225
2024,その他,クロアチア,53,1190774,4.4508865662165954e-05,0.0044508865662165956
2024,その他,バヌアツ,53,1190774,4.4508865662165954e-05,0.0044508865662165956
2024,その他,キプロス,51,1190774,4.28292858258578e-05,0.00428292858258578
2024,その他,モーリシャス,51,1190774,4.28292858258578e-05,0.00428292858258578
2024,その他,コスタリカ,50,1190774,4.198949590770373e-05,0.004198949590770373
2024,その他,エルサルバドル,48,1190774,4.030991607139558e-05,0.0040309916071395585
2024,その他,スロベニア,48,1190774,4.030991607139558e-05,0.0040309916071395585
2024,その他,ラトビア,48,1190774,4.030991607139558e-05,0.0040309916071395585
2024,その他,トルクメニスタン,45,1190774,3.779054631693336e-05,0.0037790546316933357
2024,その他,リベリア,44,1190774,3.695075639877928e-05,0.0036950756398779283
2024,その他,パレスチナ,42,1190774,3.5271176562471134e-05,0.0035271176562471133
2024,その他,アンゴラ,41,1190774,3.443138664431706e-05,0.0034431386644317055
2024,その他,グアテマラ,40,1190774,3.359159672616298e-05,0.003359159672616298
2024,その他,セントクリストファー・ネービス,38,1190774,3.191201688985483e-05,0.003191201688985483
2024,その他,パナマ,38,1190774,3.191201688985483e-05,0.003191201688985483
2024,その他,ボツワナ,38,1190774,3.191201688985483e-05,0.003191201688985483
2024,その他,ジョージア,37,1190774,3.107222697170076e-05,0.003107222697170076
2024,その他,アルメニア,34,1190774,2.8552857217238535e-05,0.0028552857217238534
2024,その他,モルドバ,33,1190774,2.771306729908446e-05,0.002771306729908446
2024,その他,パラグアイ,32,1190774,2.6873277380930387e-05,0.0026873277380930387
2024,その他,バルバドス,31,1190774,2.603348746277631e-05,0.002603348746277631
2024,その他,アイスランド,30,1190774,2.5193697544622237e-05,0.0025193697544622236
2024,その他,シエラレオネ,30,1190774,2.5193697544622237e-05,0.0025193697544622236
2024,その他,ナミビア,30,1190774,2.5193697544622237e-05,0.0025193697544622236
2024,その他,ブルネイ,30,1190774,2.5193697544622237e-05,0.0025193697544622236
2024,その他,ボスニア・ヘルツェゴビナ,29,1190774,2.4353907626468163e-05,0.0024353907626468163
2024,その他,リビア,28,1190774,2.351411770831409e-05,0.002351411770831409
2024,その他,パプアニューギニア,27,1190774,2.2674327790160012e-05,0.0022674327790160012
2024,その他,モルディブ,24,1190774,2.015495803569779e-05,0.0020154958035697793
2024,その他,ウルグアイ,23,1190774,1.9315168117543714e-05,0.0019315168117543715
2024,その他,ホンジュラス,23,1190774,1.9315168117543714e-05,0.0019315168117543715
2024,その他,エリトリア,21,1190774,1.7635588281235567e-05,0.0017635588281235566
2024,その他,コンゴ共和国,21,1190774,1.7635588281235567e-05,0.0017635588281235566
2024,その他,トーゴ,21,1190774,1.7635588281235567e-05,0.0017635588281235566
2024,その他,ルクセンブルク,20,1190774,1.679579836308149e-05,0.001679579836308149
2024,その他,レソト,20,1190774,1.679579836308149e-05,0.001679579836308149
2024,その他,南スーダン共和国,20,1190774,1.679579836308149e-05,0.001679579836308149
2024,その他,北マケドニア,19,1190774,1.5956008444927416e-05,0.0015956008444927415
2024,その他,ドミニカ,17,1190774,1.4276428608619267e-05,0.0014276428608619267
2024,その他,ブルンジ,17,1190774,1.4276428608619267e-05,0.0014276428608619267
2024,その他,サモア,16,1190774,1.3436638690465194e-05,0.0013436638690465194
2024,その他,アルバニア,15,1190774,1.2596848772311118e-05,0.0012596848772311118
2024,その他,ソロモン,15,1190774,1.2596848772311118e-05,0.0012596848772311118
2024,その他,バーレーン,15,1190774,1.2596848772311118e-05,0.0012596848772311118
2024,その他,東ティモール,14,1190774,1.1757058854157045e-05,0.0011757058854157045
2024,その他,ニカラグア,13,1190774,1.091726893600297e-05,0.001091726893600297
2024,その他,マルタ,13,1190774,1.091726893600297e-05,0.001091726893600297
2024,その他,アラブ首長国連邦,12,1190774,1.0077479017848896e-05,0.0010077479017848896
2024,その他,ガボン,12,1190774,1.0077479017848896e-05,0.0010077479017848896
2024,その他,バハマ,11,1190774,9.23768909969482e-06,0.0009237689099694821
2024,その他,モーリタニア,11,1190774,9.23768909969482e-06,0.0009237689099694821
2024,その他,クウェート,10,1190774,8.397899181540745e-06,0.0008397899181540745
2024,その他,ハイチ,10,1190774,8.397899181540745e-06,0.0008397899181540745
2024,その他,エスワティニ,9,1190774,7.558109263386671e-06,0.0007558109263386671
2024,その他,オマーン,9,1190774,7.558109263386671e-06,0.0007558109263386671
2024,その他,モンテネグロ,9,1190774,7.558109263386671e-06,0.0007558109263386671
2024,その他,カーボベルデ,7,1190774,5.878529427078522e-06,0.0005878529427078522
2024,その他,アンティグア・バーブーダ,6,1190774,5.038739508924448e-06,0.0005038739508924448
2024,その他,ガイアナ,6,1190774,5.038739508924448e-06,0.0005038739508924448
2024,その他,コソボ共和国,6,1190774,5.038739508924448e-06,0.0005038739508924448
2024,その他,ソマリア,6,1190774,5.038739508924448e-06,0.0005038739508924448
2024,その他,ベリーズ,6,1190774,5.038739508924448e-06,0.0005038739508924448
2024,その他,ジブチ,5,1190774,4.1989495907703725e-06,0.00041989495907703727
2024,その他,セーシェル,5,1190774,4.1989495907703725e-06,0.00041989495907703727
2024,その他,ニジェール,5,1190774,4.1989495907703725e-06,0.00041989495907703727
2024,その他,リヒテンシュタイン,5,1190774,4.1989495907703725e-06,0.00041989495907703727
2024,その他,カタール,4,1190774,3.3591596726162984e-06,0.00033591596726162984
2024,その他,キリバス,3,1190774,2.519369754462224e-06,0.0002519369754462224
2024,その他,グレナダ,3,1190774,2.519369754462224e-06,0.0002519369754462224
2024,その他,コモロ,2,1190774,1.6795798363081492e-06,0.00016795798363081492
2024,その他,サントメ・プリンシペ,2,1190774,1.6795798363081492e-06,0.00016795798363081492
2024,その他,セントビンセント,2,1190774,1.6795798363081492e-06,0.00016795798363081492
2024,その他,セントルシア,2,1190774,1.6795798363081492e-06,0.00016795798363081492
2024,その他,マーシャル,2,1190774,1.6795798363081492e-06,0.00016795798363081492
2024,その他,サンマリノ,1,1190774,8.397899181540746e-07,8.397899181540746e-05
2024,その他,ミクロネシア,1,1190774,8.397899181540746e-07,8.397899181540746e-05
2024,定住者,ブラジル,72023,221217,0.32557624414036895,32.557624414036894
2024,定住者,フィリピン,61721,221217,0.2790065862930968,27.90065862930968
2024,定住者,中国,30443,221217,0.13761600600315527,13.761600600315527
2024,定住者,ペルー,11480,221217,0.05189474588300176,5.189474588300176
2024,定住者,韓国,7206,221217,0.032574350072553195,3.2574350072553195
2024,定住者,ベトナム,6779,221217,0.030644118670807397,3.06441186708074
2024,定住者,タイ,4407,221217,0.01992161542738578,1.992161542738578
2024,定住者,インドネシア,2769,221217,0.012517121197737967,1.2517121197737968
2024,定住者,ボリビア,2702,221217,0.012214251165145535,1.2214251165145535
2024,定住者,ミャンマー,2627,221217,0.011875217546571918,1.187521754657192
2024,定住者,パキスタン,1873,221217,0.008466799567845148,0.8466799567845148
2024,定住者,台湾,1678,221217,0.007585312159553741,0.7585312159553741
2024,定住者,米国,1639,221217,0.0074090146778954605,0.740901467789546
2024,定住者,ネパール,1419,221217,0.006414516063412848,0.6414516063412848
2024,定住者,ウクライナ,1111,221217,0.005022218003137191,0.5022218003137191
2024,定住者,インド,939,221217,0.004244700904541695,0.42447009045416945
2024,定住者,スリランカ,743,221217,0.00335869304800264,0.335869304800264
2024,定住者,パラグアイ,687,221217,0.0031055479461343386,0.3105547946134339
2024,定住者,バングラデシュ,662,221217,0.002992536739943133,0.2992536739943133
2024,定住者,アフガニスタン,633,221217,0.0028614437407613338,0.28614437407613336
2024,定住者,モンゴル,507,221217,0.002291867261557656,0.2291867261557656
2024,定住者,トルコ,506,221217,0.002287346813310008,0.22873468133100078
2024,定住者,シリア,502,221217,0.002269265020319415,0.22692650203194148
2024,定住者,ロシア,453,221217,0.0020477630561846513,0.20477630561846513
2024,定住者,コロンビア,443,221217,0.002002558573708169,0.2002558573708169
2024,定住者,アルゼンチン,401,221217,0.001812699747306943,0.18126997473069428
2024,定住者,ガーナ,295,221217,0.0013335322330562298,0.133353223305623
2024,定住者,カンボジア,265,221217,0.0011979187856267827,0.11979187856267827
2024,定住者,ラオス,260,221217,0.0011753165443885417,0.11753165443885416
2024,定住者,英国,249,221217,0.001125591613664411,0.11255916136644109
2024,定住者,ナイジェリア,236,221217,0.001066825786444984,0.1066825786444984
2024,定住者,イラン,230,221217,0.0010397030969590945,0.10397030969590945
2024,定住者,ルーマニア,230,221217,0.0010397030969590945,0.10397030969590945
2024,定住者,フランス,174,221217,0.0007865579950907932,0.07865579950907932
2024,定住者,マレーシア,172,221217,0.0007775170985954967,0.07775170985954967
2024,定住者,カナダ,170,221217,0.0007684762021002002,0.07684762021002002
2024,定住者,メキシコ,167,221217,0.0007549148573572556,0.07549148573572556
2024,定住者,無国籍,148,221217,0.000669026340651939,0.06690263406519391
2024,定住者,オーストラリア,138,221217,0.0006238218581754567,0.06238218581754567
2024,定住者,ドミニカ共和国,125,221217,0.0005650560309560296,0.05650560309560296
2024,定住者,ウズベキスタン,99,221217,0.00044752437651717544,0.04475243765171755
2024,定住者,チリ,99,221217,0.00044752437651717544,0.04475243765171755
2024,定住者,ウガンダ,95,221217,0.0004294425835265825,0.04294425835265825
2024,定住者,ドイツ,93,221217,0.000420401687031286,0.0420401687031286
2024,定住者,イタリア,81,221217,0.0003661563080595072,0.03661563080595072
2024,定住者,(朝鮮),76,221217,0.000343554066821266,0.0343554066821266
2024,定住者,エチオピア,76,221217,0.000343554066821266,0.0343554066821266
2024,定住者,スペイン,73,221217,0.00032999272207832127,0.03299927220783213
2024,定住者,コンゴ民主共和国,72,221217,0.000325472273830673,0.032547227383067305
2024,定住者,カメルーン,68,221217,0.0003073904808400801,0.03073904808400801
2024,定住者,エジプト,66,221217,0.0002983495843447836,0.02983495843447836
2024,定住者,イエメン,58,221217,0.00026218599836359775,0.026218599836359775
2024,定住者,セネガル,58,221217,0.00026218599836359775,0.026218599836359775
2024,定住者,ニュージーランド,52,221217,0.0002350633088777083,0.02350633088777083
2024,定住者,ベネズエラ,47,221217,0.00021246106763946713,0.021246106763946712
2024,定住者,チュニジア,45,221217,0.00020342017114417067,0.020342017114417067
2024,定住者,シンガポール,39,221217,0.00017629748165828122,0.017629748165828123
2024,定住者,ギニア,35,221217,0.0001582156886676883,0.015821568866768828
2024,定住者,タンザニア,29,221217,0.00013109299918179888,0.013109299918179888
2024,定住者,ケニア,28,221217,0.00012657255093415063,0.012657255093415063
2024,定住者,スーダン,25,221217,0.00011301120619120592,0.011301120619120593
2024,定住者,ポルトガル,24,221217,0.00010849075794355769,0.010849075794355768
2024,定住者,ポーランド,24,221217,0.00010849075794355769,0.010849075794355768
2024,定住者,ハンガリー,23,221217,0.00010397030969590944,0.010397030969590944
2024,定住者,スウェーデン,22,221217,9.944986144826121e-05,0.009944986144826121
2024,定住者,イスラエル,21,221217,9.492941320061298e-05,0.009492941320061298
2024,定住者,イラク,21,221217,9.492941320061298e-05,0.009492941320061298
2024,定住者,マリ,20,221217,9.040896495296473e-05,0.009040896495296474
2024,定住者,ブルンジ,19,221217,8.58885167053165e-05,0.00858885167053165
2024,定住者,オランダ,18,221217,8.136806845766826e-05,0.008136806845766826
2024,定住者,スイス,18,221217,8.136806845766826e-05,0.008136806845766826
2024,定住者,エクアドル,17,221217,7.684762021002002e-05,0.007684762021002003
2024,定住者,南アフリカ共和国,17,221217,7.684762021002002e-05,0.007684762021002003
2024,定住者,キューバ,16,221217,7.232717196237179e-05,0.007232717196237179
2024,定住者,モロッコ,16,221217,7.232717196237179e-05,0.007232717196237179
2024,定住者,ジャマイカ,15,221217,6.780672371472355e-05,0.006780672371472354
2024,定住者,モルドバ,15,221217,6.780672371472355e-05,0.006780672371472354
2024,定住者,ヨルダン,15,221217,6.780672371472355e-05,0.006780672371472354
2024,定住者,コートジボワール,14,221217,6.328627546707531e-05,0.0063286275467075315
2024,定住者,ベラルーシ,14,221217,6.328627546707531e-05,0.0063286275467075315
2024,定住者,リトアニア,14,221217,6.328627546707531e-05,0.0063286275467075315
2024,定住者,エリトリア,13,221217,5.8765827219427076e-05,0.005876582721942708
2024,定住者,デンマーク,13,221217,5.8765827219427076e-05,0.005876582721942708
2024,定住者,コスタリカ,12,221217,5.4245378971778844e-05,0.005424537897177884
2024,定住者,ベルギー,12,221217,5.4245378971778844e-05,0.005424537897177884
2024,定住者,アイルランド,11,221217,4.9724930724130605e-05,0.0049724930724130605
2024,定住者,パレスチナ,11,221217,4.9724930724130605e-05,0.0049724930724130605
2024,定住者,カザフスタン,10,221217,4.520448247648237e-05,0.004520448247648237
2024,定住者,キルギス,9,221217,4.068403422883413e-05,0.004068403422883413
2024,定住者,ソマリア,9,221217,4.068403422883413e-05,0.004068403422883413
2024,定住者,ホンジュラス,9,221217,4.068403422883413e-05,0.004068403422883413
2024,定住者,ミクロネシア,9,221217,4.068403422883413e-05,0.004068403422883413
2024,定住者,モザンビーク,9,221217,4.068403422883413e-05,0.004068403422883413
2024,定住者,アンゴラ,8,221217,3.6163585981185896e-05,0.0036163585981185895
2024,定住者,エストニア,8,221217,3.6163585981185896e-05,0.0036163585981185895
2024,定住者,チェコ,8,221217,3.6163585981185896e-05,0.0036163585981185895
2024,定住者,ルワンダ,8,221217,3.6163585981185896e-05,0.0036163585981185895
2024,定住者,レバノン,8,221217,3.6163585981185896e-05,0.0036163585981185895
2024,定住者,南スーダン共和国,8,221217,3.6163585981185896e-05,0.0036163585981185895
2024,定住者,エルサルバドル,7,221217,3.164313773353766e-05,0.0031643137733537658
2024,定住者,スロバキア,7,221217,3.164313773353766e-05,0.0031643137733537658
2024,定住者,ニカラグア,7,221217,3.164313773353766e-05,0.0031643137733537658
2024,定住者,フィジー,7,221217,3.164313773353766e-05,0.0031643137733537658
2024,定住者,ブルガリア,6,221217,2.7122689485889422e-05,0.002712268948588942
2024,定住者,オーストリア,5,221217,2.2602241238241183e-05,0.0022602241238241184
2024,定住者,サモア,5,221217,2.2602241238241183e-05,0.0022602241238241184
2024,定住者,トーゴ,5,221217,2.2602241238241183e-05,0.0022602241238241184
2024,定住者,フィンランド,5,221217,2.2602241238241183e-05,0.0022602241238241184
2024,定住者,ブルキナファソ,5,221217,2.2602241238241183e-05,0.0022602241238241184
2024,定住者,モーリシャス,5,221217,2.2602241238241183e-05,0.0022602241238241184
2024,定住者,リビア,5,221217,2.2602241238241183e-05,0.0022602241238241184
2024,定住者,アルジェリア,4,221217,1.8081792990592948e-05,0.0018081792990592947
2024,定住者,ウルグアイ,4,221217,1.8081792990592948e-05,0.0018081792990592947
2024,定住者,ギリシャ,4,221217,1.8081792990592948e-05,0.0018081792990592947
2024,定住者,クロアチア,4,221217,1.8081792990592948e-05,0.0018081792990592947
2024,定住者,グアテマラ,4,221217,1.8081792990592948e-05,0.0018081792990592947
2024,定住者,ジンバブエ,4,221217,1.8081792990592948e-05,0.0018081792990592947
2024,定住者,トリニダード・トバゴ,4,221217,1.8081792990592948e-05,0.0018081792990592947
2024,定住者,ボツワナ,4,221217,1.8081792990592948e-05,0.0018081792990592947
2024,定住者,マラウイ,4,221217,1.8081792990592948e-05,0.0018081792990592947
2024,定住者,シエラレオネ,3,221217,1.3561344742944711e-05,0.001356134474294471
2024,定住者,ノルウェー,3,221217,1.3561344742944711e-05,0.001356134474294471
2024,定住者,パナマ,3,221217,1.3561344742944711e-05,0.001356134474294471
2024,定住者,中央アフリカ,3,221217,1.3561344742944711e-05,0.001356134474294471
2024,定住者,ガンビア,2,221217,9.040896495296474e-06,0.0009040896495296474
2024,定住者,ギニアビサウ,2,221217,9.040896495296474e-06,0.0009040896495296474
2024,定住者,コンゴ共和国,2,221217,9.040896495296474e-06,0.0009040896495296474
2024,定住者,サウジアラビア,2,221217,9.040896495296474e-06,0.0009040896495296474
2024,定住者,ジョージア,2,221217,9.040896495296474e-06,0.0009040896495296474
2024,定住者,セルビア,2,221217,9.040896495296474e-06,0.0009040896495296474
2024,定住者,トルクメニスタン,2,221217,9.040896495296474e-06,0.0009040896495296474
2024,定住者,トンガ,2,221217,9.040896495296474e-06,0.0009040896495296474
2024,定住者,ベナン,2,221217,9.040896495296474e-06,0.0009040896495296474
2024,定住者,ボスニア・ヘルツェゴビナ,2,221217,9.040896495296474e-06,0.0009040896495296474
2024,定住者,マダガスカル,2,221217,9.040896495296474e-06,0.0009040896495296474
2024,定住者,ラトビア,2,221217,9.040896495296474e-06,0.0009040896495296474
2024,定住者,レソト,2,221217,9.040896495296474e-06,0.0009040896495296474
2024,定住者,アゼルバイジャン,1,221217,4.520448247648237e-06,0.0004520448247648237
2024,定住者,スロベニア,1,221217,4.520448247648237e-06,0.0004520448247648237
2024,定住者,セントビンセント,1,221217,4.520448247648237e-06,0.0004520448247648237
2024,定住者,ソロモン,1,221217,4.520448247648237e-06,0.0004520448247648237
2024,定住者,チャド,1,221217,4.520448247648237e-06,0.0004520448247648237
2024,定住者,ニジェール,1,221217,4.520448247648237e-06,0.0004520448247648237
2024,定住者,バヌアツ,1,221217,4.520448247648237e-06,0.0004520448247648237
2024,定住者,パラオ,1,221217,4.520448247648237e-06,0.0004520448247648237
2024,定住者,ルクセンブルク,1,221217,4.520448247648237e-06,0.0004520448247648237
2024,定住者,北マケドニア,1,221217,4.520448247648237e-06,0.0004520448247648237
2024,技能実習,ベトナム,203977,425714,0.47914092559793664,47.914092559793666
2024,技能実習,インドネシア,87090,425714,0.20457396280131732,20.457396280131732
2024,技能実習,フィリピン,37914,425714,0.08905979131529619,8.90597913152962
2024,技能実習,ミャンマー,31069,425714,0.07298092146370568,7.298092146370568
2024,技能実習,中国,26780,425714,0.06290608248730369,6.2906082487303685
2024,技能実習,カンボジア,14913,425714,0.03503056042319491,3.503056042319491
2024,技能実習,タイ,12025,425714,0.02824666325279413,2.8246663252794133
2024,技能実習,ネパール,2704,425714,0.006351682115222896,0.6351682115222896
2024,技能実習,モンゴル,2671,425714,0.006274165284674687,0.6274165284674688
2024,技能実習,スリランカ,2088,425714,0.004904701278323005,0.49047012783230054
2024,技能実習,ラオス,1436,425714,0.003373156626279615,0.3373156626279615
2024,技能実習,バングラデシュ,1410,425714,0.003312082759787087,0.3312082759787087
2024,技能実習,インド,884,425714,0.0020765114607459467,0.20765114607459467
2024,技能実習,ウズベキスタン,304,425714,0.0007140944389895564,0.07140944389895564
2024,技能実習,パキスタン,123,425714,0.00028892636840695864,0.028892636840695863
2024,技能実習,キルギス,83,425714,0.00019496657380306968,0.019496657380306967
2024,技能実習,マレーシア,54,425714,0.00012684572271525014,0.012684572271525014
2024,技能実習,ペルー,52,425714,0.0001221477329850557,0.012214773298505571
2024,技能実習,南アフリカ共和国,51,425714,0.00011979873811995847,0.011979873811995848
2024,技能実習,メキシコ,49,425714,0.00011510074838976403,0.011510074838976403
2024,技能実習,東ティモール,14,425714,3.288592811136115e-05,0.0032885928111361148
2024,技能実習,台湾,8,425714,1.8791958920777798e-05,0.0018791958920777799
2024,技能実習,チェコ,7,425714,1.6442964055680575e-05,0.0016442964055680574
2024,技能実習,ブラジル,4,425714,9.395979460388899e-06,0.0009395979460388899
2024,技能実習,ウクライナ,2,425714,4.6979897301944495e-06,0.00046979897301944497
2024,技能実習,スロバキア,1,425714,2.3489948650972248e-06,0.00023489948650972248
2024,技能実習,無国籍,1,425714,2.3489948650972248e-06,0.00023489948650972248
2024,日本人の配偶者等,中国,26638,150208,0.17734075415423944,17.734075415423945
2024,日本人の配偶者等,フィリピン,26330,150208,0.17529026416702173,17.529026416702173
2024,日本人の配偶者等,ブラジル,15693,150208,0.10447512782275245,10.447512782275245
2024,日本人の配偶者等,米国,12861,150208,0.08562127183638688,8.562127183638687
2024,日本人の配偶者等,韓国,11909,150208,0.07928339369407754,7.9283393694077535
2024,日本人の配偶者等,タイ,7606,150208,0.050636450788240306,5.063645078824031
2024,日本人の配偶者等,ベトナム,6999,150208,0.046595387729015766,4.659538772901577
2024,日本人の配偶者等,台湾,4706,150208,0.03132988922028121,3.132988922028121
2024,日本人の配偶者等,英国,3072,150208,0.020451640391989774,2.0451640391989776
2024,日本人の配偶者等,インドネシア,2535,150208,0.016876597784405624,1.6876597784405625
2024,日本人の配偶者等,フランス,2530,150208,0.016843310609288453,1.6843310609288453
2024,日本人の配偶者等,オーストラリア,2076,150208,0.01382083510864934,1.3820835108649339
2024,日本人の配偶者等,カナダ,2003,150208,0.013334842351938644,1.3334842351938645
2024,日本人の配偶者等,ペルー,1625,150208,0.010818331913080528,1.0818331913080528
2024,日本人の配偶者等,ネパール,1405,150208,0.00935369620792501,0.9353696207925011
2024,日本人の配偶者等,スリランカ,1363,150208,0.009074083936940775,0.9074083936940776
2024,日本人の配偶者等,トルコ,1289,150208,0.008581433745206648,0.8581433745206648
2024,日本人の配偶者等,ロシア,1194,150208,0.0079489774179804,0.79489774179804
2024,日本人の配偶者等,パキスタン,1116,150208,0.007429697486152535,0.7429697486152534
2024,日本人の配偶者等,ドイツ,1070,150208,0.007123455475074563,0.7123455475074563
2024,日本人の配偶者等,イタリア,1059,150208,0.0070502236898167875,0.7050223689816787
2024,日本人の配偶者等,ミャンマー,758,150208,0.005046335747763102,0.5046335747763102
2024,日本人の配偶者等,メキシコ,696,150208,0.004633574776310183,0.4633574776310183
2024,日本人の配偶者等,スペイン,648,150208,0.004314017895185343,0.4314017895185343
2024,日本人の配偶者等,マレーシア,615,150208,0.004094322539412015,0.40943225394120153
2024,日本人の配偶者等,インド,589,150208,0.003921229228802727,0.3921229228802727
2024,日本人の配偶者等,ニュージーランド,577,150208,0.0038413400085215168,0.38413400085215166
2024,日本人の配偶者等,バングラデシュ,532,150208,0.003541755432466979,0.3541755432466979
2024,日本人の配偶者等,ボリビア,515,150208,0.0034285790370685984,0.3428579037068598
2024,日本人の配偶者等,ナイジェリア,504,150208,0.0033553472518108225,0.33553472518108224
2024,日本人の配偶者等,カンボジア,486,150208,0.003235513421389007,0.32355134213890074
2024,日本人の配偶者等,モンゴル,455,150208,0.003029132935662548,0.3029132935662548
2024,日本人の配偶者等,パラグアイ,419,150208,0.0027894652748189177,0.27894652748189175
2024,日本人の配偶者等,シンガポール,415,150208,0.002762835534725181,0.2762835534725181
2024,日本人の配偶者等,アルゼンチン,391,150208,0.002603057094162761,0.2603057094162761
2024,日本人の配偶者等,スウェーデン,345,150208,0.0022968150830847893,0.22968150830847892
2024,日本人の配偶者等,コロンビア,336,150208,0.0022368981678738816,0.22368981678738817
2024,日本人の配偶者等,イラン,320,150208,0.0021303792074989347,0.21303792074989347
2024,日本人の配偶者等,ポーランド,300,150208,0.0019972305070302516,0.19972305070302515
2024,日本人の配偶者等,オランダ,275,150208,0.0018307946314443972,0.1830794631444397
2024,日本人の配偶者等,ガーナ,258,150208,0.0017176182360460162,0.17176182360460163
2024,日本人の配偶者等,ウクライナ,246,150208,0.0016377290157648062,0.1637729015764806
2024,日本人の配偶者等,ルーマニア,243,150208,0.0016177567106945036,0.16177567106945037
2024,日本人の配偶者等,スイス,228,150208,0.001517895185342991,0.1517895185342991
2024,日本人の配偶者等,モロッコ,220,150208,0.0014646357051555177,0.14646357051555176
2024,日本人の配偶者等,セネガル,212,150208,0.0014113762249680444,0.14113762249680445
2024,日本人の配偶者等,アイルランド,197,150208,0.0013115146996165318,0.13115146996165317
2024,日本人の配偶者等,チュニジア,195,150208,0.0012981998295696635,0.12981998295696634
2024,日本人の配偶者等,ベルギー,194,150208,0.0012915423945462291,0.12915423945462293
2024,日本人の配偶者等,ラオス,171,150208,0.0011384213890072432,0.11384213890072432
2024,日本人の配偶者等,カメルーン,149,150208,0.0009919578184916914,0.09919578184916915
2024,日本人の配偶者等,ハンガリー,148,150208,0.0009853003834682573,0.09853003834682574
2024,日本人の配偶者等,チリ,144,150208,0.0009586706433745207,0.09586706433745207
2024,日本人の配偶者等,エジプト,138,150208,0.0009187260332339156,0.09187260332339156
2024,日本人の配偶者等,フィンランド,131,150208,0.0008721239880698764,0.08721239880698764
2024,日本人の配偶者等,ウズベキスタン,128,150208,0.0008521516829995739,0.08521516829995739
2024,日本人の配偶者等,ウガンダ,120,150208,0.0007988922028121006,0.07988922028121007
2024,日本人の配偶者等,イスラエル,115,150208,0.0007656050276949297,0.07656050276949297
2024,日本人の配偶者等,デンマーク,106,150208,0.0007056881124840222,0.07056881124840222
2024,日本人の配偶者等,オーストリア,103,150208,0.0006857158074137197,0.06857158074137197
2024,日本人の配偶者等,ポルトガル,88,150208,0.000585854282062207,0.0585854282062207
2024,日本人の配偶者等,ドミニカ共和国,86,150208,0.0005725394120153387,0.05725394120153387
2024,日本人の配偶者等,チェコ,85,150208,0.0005658819769919045,0.056588197699190455
2024,日本人の配偶者等,南アフリカ共和国,81,150208,0.0005392522368981679,0.05392522368981679
2024,日本人の配偶者等,ノルウェー,76,150208,0.000505965061780997,0.0505965061780997
2024,日本人の配偶者等,ジャマイカ,75,150208,0.0004993076267575629,0.04993076267575629
2024,日本人の配偶者等,ベネズエラ,72,150208,0.00047933532168726033,0.047933532168726034
2024,日本人の配偶者等,ギニア,66,150208,0.0004393907115466553,0.043939071154665534
2024,日本人の配偶者等,タンザニア,66,150208,0.0004393907115466553,0.043939071154665534
2024,日本人の配偶者等,キューバ,65,150208,0.00043273327652322113,0.04327332765232211
2024,日本人の配偶者等,ケニア,57,150208,0.00037947379633574774,0.03794737963357477
2024,日本人の配偶者等,スロバキア,57,150208,0.00037947379633574774,0.03794737963357477
2024,日本人の配偶者等,ベラルーシ,57,150208,0.00037947379633574774,0.03794737963357477
2024,日本人の配偶者等,ブルガリア,55,150208,0.0003661589262888794,0.03661589262888794
2024,日本人の配偶者等,アルジェリア,50,150208,0.00033287175117170854,0.03328717511717085
2024,日本人の配偶者等,リトアニア,50,150208,0.00033287175117170854,0.03328717511717085
2024,日本人の配偶者等,カザフスタン,49,150208,0.0003262143161482744,0.03262143161482744
2024,日本人の配偶者等,無国籍,45,150208,0.0002995845760545377,0.02995845760545377
2024,日本人の配偶者等,フィジー,44,150208,0.0002929271410311035,0.02929271410311035
2024,日本人の配偶者等,ギリシャ,42,150208,0.0002796122709842352,0.02796122709842352
2024,日本人の配偶者等,セルビア,41,150208,0.000272954835960801,0.0272954835960801
2024,日本人の配偶者等,エクアドル,39,150208,0.0002596399659139327,0.02596399659139327
2024,日本人の配偶者等,コスタリカ,39,150208,0.0002596399659139327,0.02596399659139327
2024,日本人の配偶者等,エチオピア,37,150208,0.0002463250958670643,0.024632509586706434
2024,日本人の配偶者等,グアテマラ,37,150208,0.0002463250958670643,0.024632509586706434
2024,日本人の配偶者等,エストニア,36,150208,0.00023966766084363016,0.023966766084363017
2024,日本人の配偶者等,コンゴ民主共和国,36,150208,0.00023966766084363016,0.023966766084363017
2024,日本人の配偶者等,シリア,35,150208,0.000233010225820196,0.0233010225820196
2024,日本人の配偶者等,スーダン,35,150208,0.000233010225820196,0.0233010225820196
2024,日本人の配偶者等,マリ,35,150208,0.000233010225820196,0.0233010225820196
2024,日本人の配偶者等,(朝鮮),33,150208,0.00021969535577332766,0.021969535577332767
2024,日本人の配偶者等,アフガニスタン,32,150208,0.00021303792074989347,0.021303792074989347
2024,日本人の配偶者等,クロアチア,31,150208,0.0002063804857264593,0.02063804857264593
2024,日本人の配偶者等,ホンジュラス,31,150208,0.0002063804857264593,0.02063804857264593
2024,日本人の配偶者等,ヨルダン,31,150208,0.0002063804857264593,0.02063804857264593
2024,日本人の配偶者等,ラトビア,29,150208,0.00019306561567959096,0.019306561567959096
2024,日本人の配偶者等,キルギス,28,150208,0.0001864081806561568,0.01864081806561568
2024,日本人の配偶者等,ウルグアイ,23,150208,0.00015312100553898595,0.015312100553898596
2024,日本人の配偶者等,モルドバ,23,150208,0.00015312100553898595,0.015312100553898596
2024,日本人の配偶者等,エルサルバドル,22,150208,0.00014646357051555176,0.014646357051555176
2024,日本人の配偶者等,スロベニア,22,150208,0.00014646357051555176,0.014646357051555176
2024,日本人の配偶者等,ブータン,22,150208,0.00014646357051555176,0.014646357051555176
2024,日本人の配偶者等,サウジアラビア,20,150208,0.00013314870046868342,0.013314870046868342
2024,日本人の配偶者等,ブルキナファソ,20,150208,0.00013314870046868342,0.013314870046868342
2024,日本人の配偶者等,ニカラグア,18,150208,0.00011983383042181508,0.011983383042181509
2024,日本人の配偶者等,パラオ,18,150208,0.00011983383042181508,0.011983383042181509
2024,日本人の配偶者等,ベナン,18,150208,0.00011983383042181508,0.011983383042181509
2024,日本人の配偶者等,イラク,17,150208,0.00011317639539838091,0.011317639539838092
2024,日本人の配偶者等,アルバニア,16,150208,0.00010651896037494674,0.010651896037494673
2024,日本人の配偶者等,トンガ,16,150208,0.00010651896037494674,0.010651896037494673
2024,日本人の配偶者等,コートジボワール,15,150208,9.986152535151258e-05,0.009986152535151258
2024,日本人の配偶者等,マダガスカル,15,150208,9.986152535151258e-05,0.009986152535151258
2024,日本人の配偶者等,モザンビーク,15,150208,9.986152535151258e-05,0.009986152535151258
2024,日本人の配偶者等,アイスランド,14,150208,9.32040903280784e-05,0.00932040903280784
2024,日本人の配偶者等,ガンビア,14,150208,9.32040903280784e-05,0.00932040903280784
2024,日本人の配偶者等,ザンビア,13,150208,8.654665530464423e-05,0.008654665530464423
2024,日本人の配偶者等,トリニダード・トバゴ,13,150208,8.654665530464423e-05,0.008654665530464423
2024,日本人の配偶者等,モルディブ,13,150208,8.654665530464423e-05,0.008654665530464423
2024,日本人の配偶者等,ジンバブエ,12,150208,7.988922028121005e-05,0.007988922028121006
2024,日本人の配偶者等,パナマ,12,150208,7.988922028121005e-05,0.007988922028121006
2024,日本人の配偶者等,ミクロネシア,12,150208,7.988922028121005e-05,0.007988922028121006
2024,日本人の配偶者等,北マケドニア,12,150208,7.988922028121005e-05,0.007988922028121006
2024,日本人の配偶者等,アゼルバイジャン,11,150208,7.323178525777588e-05,0.007323178525777588
2024,日本人の配偶者等,クウェート,11,150208,7.323178525777588e-05,0.007323178525777588
2024,日本人の配偶者等,ハイチ,11,150208,7.323178525777588e-05,0.007323178525777588
2024,日本人の配偶者等,ルワンダ,11,150208,7.323178525777588e-05,0.007323178525777588
2024,日本人の配偶者等,レバノン,11,150208,7.323178525777588e-05,0.007323178525777588
2024,日本人の配偶者等,アルメニア,10,150208,6.657435023434171e-05,0.006657435023434171
2024,日本人の配偶者等,ジョージア,10,150208,6.657435023434171e-05,0.006657435023434171
2024,日本人の配偶者等,マラウイ,10,150208,6.657435023434171e-05,0.006657435023434171
2024,日本人の配偶者等,タジキスタン,9,150208,5.991691521090754e-05,0.005991691521090754
2024,日本人の配偶者等,サモア,8,150208,5.325948018747337e-05,0.005325948018747337
2024,日本人の配偶者等,パレスチナ,8,150208,5.325948018747337e-05,0.005325948018747337
2024,日本人の配偶者等,モーリシャス,8,150208,5.325948018747337e-05,0.005325948018747337
2024,日本人の配偶者等,トーゴ,7,150208,4.66020451640392e-05,0.00466020451640392
2024,日本人の配偶者等,ボスニア・ヘルツェゴビナ,7,150208,4.66020451640392e-05,0.00466020451640392
2024,日本人の配偶者等,イエメン,6,150208,3.994461014060503e-05,0.003994461014060503
2024,日本人の配偶者等,キプロス,6,150208,3.994461014060503e-05,0.003994461014060503
2024,日本人の配偶者等,ルクセンブルク,6,150208,3.994461014060503e-05,0.003994461014060503
2024,日本人の配偶者等,アンゴラ,5,150208,3.3287175117170854e-05,0.0033287175117170855
2024,日本人の配偶者等,リビア,5,150208,3.3287175117170854e-05,0.0033287175117170855
2024,日本人の配偶者等,コンゴ共和国,4,150208,2.6629740093736684e-05,0.0026629740093736683
2024,日本人の配偶者等,ソロモン,4,150208,2.6629740093736684e-05,0.0026629740093736683
2024,日本人の配偶者等,バルバドス,4,150208,2.6629740093736684e-05,0.0026629740093736683
2024,日本人の配偶者等,ブルネイ,4,150208,2.6629740093736684e-05,0.0026629740093736683
2024,日本人の配偶者等,中央アフリカ,4,150208,2.6629740093736684e-05,0.0026629740093736683
2024,日本人の配偶者等,ガボン,3,150208,1.9972305070302514e-05,0.0019972305070302516
2024,日本人の配偶者等,シエラレオネ,3,150208,1.9972305070302514e-05,0.0019972305070302516
2024,日本人の配偶者等,バハマ,3,150208,1.9972305070302514e-05,0.0019972305070302516
2024,日本人の配偶者等,バーレーン,3,150208,1.9972305070302514e-05,0.0019972305070302516
2024,日本人の配偶者等,パプアニューギニア,3,150208,1.9972305070302514e-05,0.0019972305070302516
2024,日本人の配偶者等,ベリーズ,3,150208,1.9972305070302514e-05,0.0019972305070302516
2024,日本人の配偶者等,マルタ,3,150208,1.9972305070302514e-05,0.0019972305070302516
2024,日本人の配偶者等,モーリタニア,3,150208,1.9972305070302514e-05,0.0019972305070302516
2024,日本人の配偶者等,オマーン,2,150208,1.3314870046868342e-05,0.0013314870046868342
2024,日本人の配偶者等,キリバス,2,150208,1.3314870046868342e-05,0.0013314870046868342
2024,日本人の配偶者等,コソボ共和国,2,150208,1.3314870046868342e-05,0.0013314870046868342
2024,日本人の配偶者等,セントルシア,2,150208,1.3314870046868342e-05,0.0013314870046868342
2024,日本人の配偶者等,ボツワナ,2,150208,1.3314870046868342e-05,0.0013314870046868342
2024,日本人の配偶者等,リヒテンシュタイン,2,150208,1.3314870046868342e-05,0.0013314870046868342
2024,日本人の配偶者等,リベリア,2,150208,1.3314870046868342e-05,0.0013314870046868342
2024,日本人の配偶者等,レソト,2,150208,1.3314870046868342e-05,0.0013314870046868342
2024,日本人の配偶者等,東ティモール,2,150208,1.3314870046868342e-05,0.0013314870046868342
2024,日本人の配偶者等,アラブ首長国連邦,1,150208,6.657435023434171e-06,0.0006657435023434171
2024,日本人の配偶者等,アンティグア・バーブーダ,1,150208,6.657435023434171e-06,0.0006657435023434171
2024,日本人の配偶者等,エスワティニ,1,150208,6.657435023434171e-06,0.0006657435023434171
2024,日本人の配偶者等,エリトリア,1,150208,6.657435023434171e-06,0.0006657435023434171
2024,日本人の配偶者等,ギニアビサウ,1,150208,6.657435023434171e-06,0.0006657435023434171
2024,日本人の配偶者等,サンマリノ,1,150208,6.657435023434171e-06,0.0006657435023434171
2024,日本人の配偶者等,ジブチ,1,150208,6.657435023434171e-06,0.0006657435023434171
2024,日本人の配偶者等,セントクリストファー・ネービス,1,150208,6.657435023434171e-06,0.0006657435023434171
2024,日本人の配偶者等,セントビンセント,1,150208,6.657435023434171e-06,0.0006657435023434171
2024,日本人の配偶者等,セーシェル,1,150208,6.657435023434171e-06,0.0006657435023434171
2024,日本人の配偶者等,チャド,1,150208,6.657435023434171e-06,0.0006657435023434171
2024,日本人の配偶者等,ドミニカ,1,150208,6.657435023434171e-06,0.0006657435023434171
2024,日本人の配偶者等,ナウル,1,150208,6.657435023434171e-06,0.0006657435023434171
2024,日本人の配偶者等,ナミビア,1,150208,6.657435023434171e-06,0.0006657435023434171
2024,日本人の配偶者等,ニジェール,1,150208,6.657435023434171e-06,0.0006657435023434171
2024,日本人の配偶者等,ブルンジ,1,150208,6.657435023434171e-06,0.0006657435023434171
2024,日本人の配偶者等,マーシャル,1,150208,6.657435023434171e-06,0.0006657435023434171
2024,日本人の配偶者等,モンテネグロ,1,150208,6.657435023434171e-06,0.0006657435023434171
2024,日本人の配偶者等,赤道ギニア,1,150208,6.657435023434171e-06,0.0006657435023434171
2024,永住者等,中国,357012,1232454,0.2896757201485816,28.967572014858163
2024,永住者等,韓国,328925,1232454,0.2668862286138063,26.68862286138063
2024,永住者等,フィリピン,149720,1232454,0.12148120741220363,12.148120741220362
2024,永住者等,ブラジル,121740,1232454,0.0987785345335404,9.877853453354039
2024,永住者等,ペルー,35532,1232454,0.028830284943697698,2.88302849436977
2024,永住者等,ベトナム,28442,1232454,0.023077534739633285,2.3077534739633285
2024,永住者等,台湾,26669,1232454,0.021638941493962453,2.163894149396245
2024,永住者等,(朝鮮),23647,1232454,0.01918692300077731,1.918692300077731
2024,永住者等,タイ,22628,1232454,0.018360117294438576,1.8360117294438576
2024,永住者等,米国,21378,1232454,0.017345880657614807,1.7345880657614807
2024,永住者等,インド,9647,1232454,0.00782747266835111,0.7827472668351111
2024,永住者等,ネパール,8625,1232454,0.006998232794083998,0.6998232794083998
2024,永住者等,インドネシア,8301,1232454,0.006735342657819277,0.6735342657819278
2024,永住者等,英国,7136,1232454,0.005790074112299526,0.5790074112299526
2024,永住者等,パキスタン,6650,1232454,0.005395738907902445,0.5395738907902445
2024,永住者等,ロシア,4835,1232454,0.003923067311234334,0.3923067311234334
2024,永住者等,バングラデシュ,4833,1232454,0.003921444532615416,0.39214445326154157
2024,永住者等,スリランカ,4644,1232454,0.003768091953127662,0.37680919531276624
2024,永住者等,カナダ,4470,1232454,0.003626910213281794,0.3626910213281794
2024,永住者等,フランス,3882,1232454,0.0031498132993198935,0.31498132993198935
2024,永住者等,オーストラリア,3620,1232454,0.002937229300241632,0.29372293002416316
2024,永住者等,マレーシア,3517,1232454,0.0028536562013673533,0.28536562013673533
2024,永住者等,ボリビア,3353,1232454,0.002720588354616075,0.27205883546160753
2024,永住者等,ミャンマー,3272,1232454,0.0026548658205498947,0.2654865820549895
2024,永住者等,イラン,2761,1232454,0.0022402458834163384,0.22402458834163386
2024,永住者等,ドイツ,2106,1232454,0.001708785885720684,0.17087858857206842
2024,永住者等,カンボジア,1982,1232454,0.0016081736113477663,0.16081736113477663
2024,永住者等,ナイジェリア,1899,1232454,0.0015408282986626681,0.1540828298662668
2024,永住者等,アルゼンチン,1774,1232454,0.0014394046349802913,0.14394046349802914
2024,永住者等,モンゴル,1680,1232454,0.001363134039891144,0.1363134039891144
2024,永住者等,トルコ,1656,1232454,0.0013436606964641277,0.13436606964641276
2024,永住者等,ラオス,1541,1232454,0.001250350925876341,0.1250350925876341
2024,永住者等,ルーマニア,1464,1232454,0.001187873949047997,0.1187873949047997
2024,永住者等,ガーナ,1463,1232454,0.0011870625597385379,0.11870625597385379
2024,永住者等,イタリア,1459,1232454,0.0011838170025007019,0.1183817002500702
2024,永住者等,コロンビア,1444,1232454,0.0011716461628588166,0.11716461628588166
2024,永住者等,シンガポール,1271,1232454,0.0010312758123224072,0.10312758123224072
2024,永住者等,ニュージーランド,1216,1232454,0.0009866494003021615,0.09866494003021614
2024,永住者等,パラグアイ,1099,1232454,0.0008917168510954567,0.08917168510954566
2024,永住者等,メキシコ,1072,1232454,0.0008698093397400634,0.08698093397400633
2024,永住者等,スペイン,1032,1232454,0.0008373537673617027,0.08373537673617026
2024,永住者等,ウクライナ,1020,1232454,0.0008276170956481946,0.08276170956481946
2024,永住者等,ポーランド,570,1232454,0.00046249190639163816,0.046249190639163815
2024,永住者等,ウズベキスタン,525,1232454,0.0004259793874659825,0.04259793874659825
2024,永住者等,エジプト,469,1232454,0.0003805415861362777,0.03805415861362777
2024,永住者等,スウェーデン,451,1232454,0.00036593657856601544,0.03659365785660154
2024,永住者等,スイス,437,1232454,0.00035457712823358924,0.035457712823358925
2024,永住者等,オランダ,430,1232454,0.00034889740306737616,0.03488974030673762
2024,永住者等,アイルランド,422,1232454,0.00034240628859170404,0.034240628859170404
2024,永住者等,チリ,363,1232454,0.0002945343193336222,0.02945343193336222
2024,永住者等,アフガニスタン,338,1232454,0.00027424958659714684,0.027424958659714685
2024,永住者等,ベルギー,305,1232454,0.00024747373938499936,0.024747373938499937
2024,永住者等,モロッコ,275,1232454,0.00022313206010122894,0.022313206010122894
2024,永住者等,イスラエル,259,1232454,0.0002101498311498847,0.02101498311498847
2024,永住者等,ギニア,257,1232454,0.00020852705253096668,0.020852705253096668
2024,永住者等,セネガル,256,1232454,0.00020771566322150766,0.020771566322150766
2024,永住者等,オーストリア,251,1232454,0.00020365871667421258,0.020365871667421258
2024,永住者等,ドミニカ共和国,244,1232454,0.00019797899150799948,0.019797899150799946
2024,永住者等,ケニア,229,1232454,0.00018580815186611428,0.018580815186611428
2024,永住者等,ハンガリー,223,1232454,0.00018093981600936018,0.018093981600936018
2024,永住者等,ポルトガル,219,1232454,0.00017769425877152414,0.017769425877152415
2024,永住者等,無国籍,216,1232454,0.00017526009084314708,0.017526009084314707
2024,永住者等,チュニジア,206,1232454,0.00016714619774855694,0.016714619774855694
2024,永住者等,フィンランド,196,1232454,0.0001590323046539668,0.01590323046539668
2024,永住者等,ブルガリア,189,1232454,0.0001533525794877537,0.01533525794877537
2024,永住者等,ベラルーシ,185,1232454,0.00015010702224991764,0.015010702224991764
2024,永住者等,ウガンダ,179,1232454,0.00014523868639316356,0.014523868639316356
2024,永住者等,南アフリカ共和国,178,1232454,0.00014442729708370454,0.014442729708370454
2024,永住者等,デンマーク,171,1232454,0.00013874757191749144,0.013874757191749144
2024,永住者等,カメルーン,161,1232454,0.0001306336788229013,0.01306336788229013
2024,永住者等,タンザニア,161,1232454,0.0001306336788229013,0.01306336788229013
2024,永住者等,コンゴ民主共和国,156,1232454,0.00012657673227560622,0.012657673227560621
2024,永住者等,ベネズエラ,148,1232454,0.00012008561779993412,0.012008561779993413
2024,永住者等,エチオピア,131,1232454,0.00010629199953913087,0.010629199953913086
2024,永住者等,エクアドル,124,1232454,0.00010061227437291777,0.010061227437291776
2024,永住者等,キューバ,120,1232454,9.736671713508172e-05,0.009736671713508172
2024,永住者等,ジャマイカ,120,1232454,9.736671713508172e-05,0.009736671713508172
2024,永住者等,ギリシャ,117,1232454,9.493254920670467e-05,0.009493254920670467
2024,永住者等,チェコ,115,1232454,9.330977058778664e-05,0.009330977058778663
2024,永住者等,スロバキア,113,1232454,9.168699196886862e-05,0.009168699196886862
2024,永住者等,マリ,105,1232454,8.51958774931965e-05,0.00851958774931965
2024,永住者等,リトアニア,102,1232454,8.276170956481946e-05,0.008276170956481947
2024,永住者等,ノルウェー,99,1232454,8.032754163644241e-05,0.00803275416364424
2024,永住者等,モルドバ,89,1232454,7.221364854185227e-05,0.007221364854185227
2024,永住者等,シリア,87,1232454,7.059086992293424e-05,0.007059086992293424
2024,永住者等,コスタリカ,80,1232454,6.491114475672114e-05,0.006491114475672114
2024,永住者等,ホンジュラス,78,1232454,6.328836613780311e-05,0.0063288366137803104
2024,永住者等,カザフスタン,77,1232454,6.24769768283441e-05,0.00624769768283441
2024,永住者等,フィジー,73,1232454,5.9231419590508046e-05,0.005923141959050805
2024,永住者等,アルジェリア,71,1232454,5.7608640971590015e-05,0.005760864097159001
2024,永住者等,ウルグアイ,69,1232454,5.5985862352671985e-05,0.005598586235267198
2024,永住者等,セルビア,69,1232454,5.5985862352671985e-05,0.005598586235267198
2024,永住者等,スーダン,63,1232454,5.11175264959179e-05,0.00511175264959179
2024,永住者等,エルサルバドル,62,1232454,5.0306137186458885e-05,0.005030613718645888
2024,永住者等,グアテマラ,61,1232454,4.949474787699987e-05,0.0049494747876999865
2024,永住者等,キルギス,60,1232454,4.868335856754086e-05,0.004868335856754086
2024,永住者等,ヨルダン,55,1232454,4.4626412020245785e-05,0.004462641202024578
2024,永住者等,ニカラグア,54,1232454,4.381502271078677e-05,0.004381502271078677
2024,永住者等,コートジボワール,51,1232454,4.138085478240973e-05,0.004138085478240973
2024,永住者等,レバノン,48,1232454,3.8946686854032685e-05,0.0038946686854032684
2024,永住者等,アルバニア,44,1232454,3.570112961619663e-05,0.003570112961619663
2024,永住者等,エストニア,42,1232454,3.40783509972786e-05,0.00340783509972786
2024,永住者等,クロアチア,42,1232454,3.40783509972786e-05,0.00340783509972786
2024,永住者等,アゼルバイジャン,34,1232454,2.7587236521606485e-05,0.0027587236521606487
2024,永住者等,ラトビア,33,1232454,2.6775847212147473e-05,0.0026775847212147474
2024,永住者等,サモア,32,1232454,2.5964457902688458e-05,0.0025964457902688458
2024,永住者等,マダガスカル,32,1232454,2.5964457902688458e-05,0.0025964457902688458
2024,永住者等,ザンビア,31,1232454,2.5153068593229442e-05,0.002515306859322944
2024,永住者等,ベナン,31,1232454,2.5153068593229442e-05,0.002515306859322944
2024,永住者等,シエラレオネ,30,1232454,2.434167928377043e-05,0.002434167928377043
2024,永住者等,スロベニア,29,1232454,2.3530289974311415e-05,0.0023530289974311417
2024,永住者等,モーリシャス,29,1232454,2.3530289974311415e-05,0.0023530289974311417
2024,永住者等,ガンビア,28,1232454,2.27189006648524e-05,0.00227189006648524
2024,永住者等,ジンバブエ,27,1232454,2.1907511355393385e-05,0.0021907511355393383
2024,永住者等,トンガ,27,1232454,2.1907511355393385e-05,0.0021907511355393383
2024,永住者等,ブルキナファソ,27,1232454,2.1907511355393385e-05,0.0021907511355393383
2024,永住者等,モルディブ,27,1232454,2.1907511355393385e-05,0.0021907511355393383
2024,永住者等,ジョージア,23,1232454,1.8661954117557327e-05,0.0018661954117557328
2024,永住者等,パナマ,23,1232454,1.8661954117557327e-05,0.0018661954117557328
2024,永住者等,ブータン,22,1232454,1.7850564808098315e-05,0.0017850564808098315
2024,永住者等,トリニダード・トバゴ,20,1232454,1.6227786189180285e-05,0.0016227786189180284
2024,永住者等,パレスチナ,20,1232454,1.6227786189180285e-05,0.0016227786189180284
2024,永住者等,ミクロネシア,19,1232454,1.5416396879721273e-05,0.0015416396879721272
2024,永住者等,サウジアラビア,16,1232454,1.2982228951344229e-05,0.0012982228951344229
2024,永住者等,トーゴ,16,1232454,1.2982228951344229e-05,0.0012982228951344229
2024,永住者等,タジキスタン,15,1232454,1.2170839641885215e-05,0.0012170839641885214
2024,永住者等,パラオ,15,1232454,1.2170839641885215e-05,0.0012170839641885214
2024,永住者等,キプロス,14,1232454,1.13594503324262e-05,0.00113594503324262
2024,永住者等,パプアニューギニア,14,1232454,1.13594503324262e-05,0.00113594503324262
2024,永住者等,リビア,14,1232454,1.13594503324262e-05,0.00113594503324262
2024,永住者等,北マケドニア,13,1232454,1.0548061022967186e-05,0.0010548061022967186
2024,永住者等,エリトリア,12,1232454,9.736671713508171e-06,0.0009736671713508171
2024,永住者等,ソロモン,12,1232454,9.736671713508171e-06,0.0009736671713508171
2024,永住者等,ニジェール,12,1232454,9.736671713508171e-06,0.0009736671713508171
2024,永住者等,アイスランド,11,1232454,8.925282404049158e-06,0.0008925282404049158
2024,永住者等,アルメニア,11,1232454,8.925282404049158e-06,0.0008925282404049158
2024,永住者等,イエメン,11,1232454,8.925282404049158e-06,0.0008925282404049158
2024,永住者等,ドミニカ,11,1232454,8.925282404049158e-06,0.0008925282404049158
2024,永住者等,ボスニア・ヘルツェゴビナ,11,1232454,8.925282404049158e-06,0.0008925282404049158
2024,永住者等,リベリア,11,1232454,8.925282404049158e-06,0.0008925282404049158
2024,永住者等,イラク,10,1232454,8.113893094590142e-06,0.0008113893094590142
2024,永住者等,マルタ,10,1232454,8.113893094590142e-06,0.0008113893094590142
2024,永住者等,ルワンダ,10,1232454,8.113893094590142e-06,0.0008113893094590142
2024,永住者等,ハイチ,9,1232454,7.302503785131129e-06,0.0007302503785131129
2024,永住者等,マラウイ,9,1232454,7.302503785131129e-06,0.0007302503785131129
2024,永住者等,トルクメニスタン,7,1232454,5.6797251662131e-06,0.00056797251662131
2024,永住者等,マーシャル,7,1232454,5.6797251662131e-06,0.00056797251662131
2024,永住者等,ルクセンブルク,7,1232454,5.6797251662131e-06,0.00056797251662131
2024,永住者等,ガイアナ,6,1232454,4.8683358567540856e-06,0.00048683358567540855
2024,永住者等,バハマ,6,1232454,4.8683358567540856e-06,0.00048683358567540855
2024,永住者等,スリナム,5,1232454,4.056946547295071e-06,0.0004056946547295071
2024,永住者等,ブルネイ,5,1232454,4.056946547295071e-06,0.0004056946547295071
2024,永住者等,ボツワナ,5,1232454,4.056946547295071e-06,0.0004056946547295071
2024,永住者等,モザンビーク,5,1232454,4.056946547295071e-06,0.0004056946547295071
2024,永住者等,中央アフリカ,5,1232454,4.056946547295071e-06,0.0004056946547295071
2024,永住者等,キリバス,4,1232454,3.245557237836057e-06,0.0003245557237836057
2024,永住者等,グレナダ,4,1232454,3.245557237836057e-06,0.0003245557237836057
2024,永住者等,コソボ共和国,4,1232454,3.245557237836057e-06,0.0003245557237836057
2024,永住者等,コンゴ共和国,4,1232454,3.245557237836057e-06,0.0003245557237836057
2024,永住者等,セルビア・モンテネグロ,4,1232454,3.245557237836057e-06,0.0003245557237836057
2024,永住者等,セントルシア,4,1232454,3.245557237836057e-06,0.0003245557237836057
2024,永住者等,ナミビア,4,1232454,3.245557237836057e-06,0.0003245557237836057
2024,永住者等,バルバドス,4,1232454,3.245557237836057e-06,0.0003245557237836057
2024,永住者等,ベリーズ,4,1232454,3.245557237836057e-06,0.0003245557237836057
2024,永住者等,リヒテンシュタイン,4,1232454,3.245557237836057e-06,0.0003245557237836057
2024,永住者等,南スーダン共和国,4,1232454,3.245557237836057e-06,0.0003245557237836057
2024,永住者等,ガボン,3,1232454,2.4341679283770428e-06,0.00024341679283770428
2024,永住者等,ギニアビサウ,3,1232454,2.4341679283770428e-06,0.00024341679283770428
2024,永住者等,ブルンジ,3,1232454,2.4341679283770428e-06,0.00024341679283770428
2024,永住者等,モーリタニア,3,1232454,2.4341679283770428e-06,0.00024341679283770428
2024,永住者等,アラブ首長国連邦,2,1232454,1.6227786189180286e-06,0.00016227786189180286
2024,永住者等,アンゴラ,2,1232454,1.6227786189180286e-06,0.00016227786189180286
2024,永住者等,カーボベルデ,2,1232454,1.6227786189180286e-06,0.00016227786189180286
2024,永住者等,ソマリア,2,1232454,1.6227786189180286e-06,0.00016227786189180286
2024,永住者等,ツバル,2,1232454,1.6227786189180286e-06,0.00016227786189180286
2024,永住者等,モンテネグロ,2,1232454,1.6227786189180286e-06,0.00016227786189180286
2024,永住者等,アンティグア・バーブーダ,1,1232454,8.113893094590143e-07,8.113893094590143e-05
2024,永住者等,アンドラ,1,1232454,8.113893094590143e-07,8.113893094590143e-05
2024,永住者等,エスワティニ,1,1232454,8.113893094590143e-07,8.113893094590143e-05
2024,永住者等,サンマリノ,1,1232454,8.113893094590143e-07,8.113893094590143e-05
2024,永住者等,ジブチ,1,1232454,8.113893094590143e-07,8.113893094590143e-05
2024,永住者等,セントビンセント,1,1232454,8.113893094590143e-07,8.113893094590143e-05
2024,永住者等,セーシェル,1,1232454,8.113893094590143e-07,8.113893094590143e-05
2024,永住者等,バーレーン,1,1232454,8.113893094590143e-07,8.113893094590143e-05
2024,永住者等,レソト,1,1232454,8.113893094590143e-07,8.113893094590143e-05
2024,永住者等,東ティモール,1,1232454,8.113893094590143e-07,8.113893094590143e-05
2024,留学,中国,134239,368589,0.36419697820607777,36.41969782060778
2024,留学,ネパール,73136,368589,0.19842154811999274,19.842154811999276
2024,留学,ベトナム,43760,368589,0.1187230221194881,11.87230221194881
2024,留学,ミャンマー,17917,368589,0.04860969806478218,4.860969806478218
2024,留学,韓国,14610,368589,0.03963764518203202,3.963764518203202
2024,留学,スリランカ,13409,368589,0.036379273391229795,3.6379273391229794
2024,留学,バングラデシュ,8828,368589,0.02395079614421483,2.395079614421483
2024,留学,台湾,8119,368589,0.022027244437571387,2.2027244437571385
2024,留学,インドネシア,7203,368589,0.0195420915979587,1.9542091597958702
2024,留学,米国,4734,368589,0.01284357373660093,1.284357373660093
2024,留学,モンゴル,4729,368589,0.012830008491843218,1.2830008491843217
2024,留学,タイ,3988,368589,0.010819639218750425,1.0819639218750425
2024,留学,ウズベキスタン,3208,368589,0.008703461036547483,0.8703461036547483
2024,留学,フィリピン,2846,368589,0.007721337316089194,0.7721337316089194
2024,留学,マレーシア,2733,368589,0.007414762784564922,0.7414762784564922
2024,留学,フランス,2178,368589,0.005909020616458983,0.5909020616458983
2024,留学,インド,1825,368589,0.004951314336564575,0.4951314336564575
2024,留学,ロシア,1622,368589,0.004400565399401502,0.4400565399401502
2024,留学,パキスタン,1523,368589,0.004131973553198821,0.41319735531988205
2024,留学,ドイツ,1322,368589,0.0035866507139388315,0.35866507139388315
2024,留学,英国,1067,368589,0.002894823231295562,0.2894823231295562
2024,留学,ブラジル,938,368589,0.0025448399165466143,0.25448399165466146
2024,留学,イタリア,901,368589,0.0024444571053395515,0.24444571053395514
2024,留学,カナダ,657,368589,0.001782473161163247,0.1782473161163247
2024,留学,メキシコ,647,368589,0.0017553426716478246,0.17553426716478246
2024,留学,カンボジア,642,368589,0.0017417774268901134,0.17417774268901134
2024,留学,トルコ,568,368589,0.0015410118044759881,0.15410118044759882
2024,留学,オーストラリア,529,368589,0.0014352028953658412,0.1435202895365841
2024,留学,スペイン,522,368589,0.0014162115527050455,0.14162115527050456
2024,留学,シンガポール,484,368589,0.0013131156925464407,0.13131156925464407
2024,留学,ナイジェリア,394,368589,0.0010689412869076397,0.10689412869076396
2024,留学,エジプト,344,368589,0.000933288839330528,0.0933288839330528
2024,留学,イラン,304,368589,0.0008247668812688387,0.08247668812688387
2024,留学,ケニア,298,368589,0.0008084885875595853,0.08084885875595853
2024,留学,ラオス,297,368589,0.0008057755386080432,0.08057755386080431
2024,留学,スウェーデン,296,368589,0.0008030624896565009,0.08030624896565008
2024,留学,カザフスタン,287,368589,0.0007786450490926208,0.07786450490926208
2024,留学,オランダ,252,368589,0.0006836883357886427,0.06836883357886427
2024,留学,スイス,251,368589,0.0006809752868371004,0.06809752868371004
2024,留学,ウクライナ,224,368589,0.0006077229651454601,0.060772296514546006
2024,留学,ポーランド,219,368589,0.0005941577203877489,0.05941577203877489
2024,留学,ガーナ,216,368589,0.0005860185735331223,0.05860185735331223
2024,留学,フィンランド,203,368589,0.0005507489371630733,0.055074893716307326
2024,留学,キルギス,194,368589,0.0005263314965991932,0.05263314965991932
2024,留学,ベルギー,188,368589,0.0005100532028899398,0.051005320288993974
2024,留学,ペルー,181,368589,0.0004910618602291441,0.04910618602291441
2024,留学,コロンビア,172,368589,0.000466644419665264,0.0466644419665264
2024,留学,アフガニスタン,152,368589,0.00041238344063441936,0.041238344063441935
2024,留学,ノルウェー,149,368589,0.00040424429377979265,0.040424429377979264
2024,留学,カメルーン,139,368589,0.0003771138042643703,0.037711380426437034
2024,留学,ニュージーランド,131,368589,0.0003554094126520325,0.03554094126520325
2024,留学,チリ,130,368589,0.00035269636370049024,0.035269636370049026
2024,留学,アルゼンチン,124,368589,0.0003364180699912369,0.03364180699912369
2024,留学,イスラエル,120,368589,0.0003255658741850679,0.03255658741850679
2024,留学,シリア,119,368589,0.0003228528252335257,0.03228528252335257
2024,留学,エチオピア,117,368589,0.0003174267273304412,0.03174267273304412
2024,留学,タンザニア,113,368589,0.0003065745315242723,0.03065745315242723
2024,留学,オーストリア,112,368589,0.00030386148257273004,0.030386148257273003
2024,留学,ハンガリー,109,368589,0.0002957223357181034,0.02957223357181034
2024,留学,デンマーク,103,368589,0.00027944404200884996,0.027944404200884995
2024,留学,ポルトガル,101,368589,0.0002740179441057655,0.027401794410576552
2024,留学,コンゴ民主共和国,98,368589,0.0002658787972511388,0.02658787972511388
2024,留学,ウガンダ,95,368589,0.0002577396503965121,0.02577396503965121
2024,留学,タジキスタン,91,368589,0.0002468874545903432,0.02468874545903432
2024,留学,チェコ,89,368589,0.00024146135668725872,0.024146135668725872
2024,留学,ルーマニア,89,368589,0.00024146135668725872,0.024146135668725872
2024,留学,サウジアラビア,85,368589,0.00023060916088108978,0.02306091608810898
2024,留学,セネガル,84,368589,0.00022789611192954755,0.022789611192954754
2024,留学,南アフリカ共和国,82,368589,0.00022247001402646307,0.022247001402646308
2024,留学,ブルガリア,79,368589,0.0002143308671718364,0.02143308671718364
2024,留学,モロッコ,77,368589,0.0002089047692687519,0.02089047692687519
2024,留学,チュニジア,75,368589,0.00020347867136566745,0.020347867136566746
2024,留学,トンガ,73,368589,0.000198052573462583,0.0198052573462583
2024,留学,マラウイ,71,368589,0.00019262647555949851,0.019262647555949853
2024,留学,モザンビーク,70,368589,0.00018991342660795629,0.018991342660795628
2024,留学,ブルネイ,68,368589,0.00018448732870487183,0.018448732870487185
2024,留学,ベラルーシ,68,368589,0.00018448732870487183,0.018448732870487185
2024,留学,アイルランド,61,368589,0.00016549598604407618,0.01654959860440762
2024,留学,アラブ首長国連邦,59,368589,0.00016006988814099173,0.016006988814099173
2024,留学,ザンビア,58,368589,0.0001573568391894495,0.01573568391894495
2024,留学,フィジー,58,368589,0.0001573568391894495,0.01573568391894495
2024,留学,ガンビア,56,368589,0.00015193074128636502,0.015193074128636502
2024,留学,ジンバブエ,56,368589,0.00015193074128636502,0.015193074128636502
2024,留学,ブータン,54,368589,0.00014650464338328056,0.014650464338328057
2024,留学,ルワンダ,53,368589,0.00014379159443173834,0.014379159443173833
2024,留学,マダガスカル,49,368589,0.0001329393986255694,0.01329393986255694
2024,留学,エクアドル,48,368589,0.00013022634967402717,0.013022634967402717
2024,留学,アルジェリア,47,368589,0.00012751330072248494,0.012751330072248494
2024,留学,エルサルバドル,46,368589,0.00012480025177094271,0.012480025177094272
2024,留学,スロバキア,46,368589,0.00012480025177094271,0.012480025177094272
2024,留学,ギリシャ,45,368589,0.00012208720281940046,0.012208720281940045
2024,留学,アゼルバイジャン,44,368589,0.00011937415386785823,0.011937415386785824
2024,留学,グアテマラ,44,368589,0.00011937415386785823,0.011937415386785824
2024,留学,スーダン,44,368589,0.00011937415386785823,0.011937415386785824
2024,留学,パプアニューギニア,42,368589,0.00011394805596477378,0.011394805596477377
2024,留学,コートジボワール,41,368589,0.00011123500701323154,0.011123500701323154
2024,留学,ベナン,41,368589,0.00011123500701323154,0.011123500701323154
2024,留学,ヨルダン,41,368589,0.00011123500701323154,0.011123500701323154
2024,留学,コスタリカ,40,368589,0.00010852195806168931,0.01085219580616893
2024,留学,リトアニア,40,368589,0.00010852195806168931,0.01085219580616893
2024,留学,東ティモール,39,368589,0.00010580890911014708,0.010580890911014709
2024,留学,セルビア,37,368589,0.00010038281120706261,0.01003828112070626
2024,留学,マリ,36,368589,9.766976225552037e-05,0.009766976225552037
2024,留学,クロアチア,32,368589,8.681756644935145e-05,0.008681756644935144
2024,留学,ブルキナファソ,32,368589,8.681756644935145e-05,0.008681756644935144
2024,留学,リベリア,32,368589,8.681756644935145e-05,0.008681756644935144
2024,留学,ドミニカ共和国,31,368589,8.410451749780922e-05,0.008410451749780922
2024,留学,パナマ,31,368589,8.410451749780922e-05,0.008410451749780922
2024,留学,ボツワナ,31,368589,8.410451749780922e-05,0.008410451749780922
2024,留学,ボリビア,31,368589,8.410451749780922e-05,0.008410451749780922
2024,留学,ラトビア,31,368589,8.410451749780922e-05,0.008410451749780922
2024,留学,ジョージア,30,368589,8.139146854626698e-05,0.008139146854626697
2024,留学,ソロモン,29,368589,7.867841959472475e-05,0.007867841959472476
2024,留学,ナミビア,29,368589,7.867841959472475e-05,0.007867841959472476
2024,留学,エストニア,28,368589,7.596537064318251e-05,0.007596537064318251
2024,留学,ベネズエラ,28,368589,7.596537064318251e-05,0.007596537064318251
2024,留学,トルクメニスタン,27,368589,7.325232169164028e-05,0.007325232169164028
2024,留学,モルディブ,25,368589,6.782622378855581e-05,0.006782622378855581
2024,留学,ルクセンブルク,24,368589,6.511317483701359e-05,0.0065113174837013585
2024,留学,アイスランド,23,368589,6.240012588547136e-05,0.006240012588547136
2024,留学,キューバ,23,368589,6.240012588547136e-05,0.006240012588547136
2024,留学,スロベニア,23,368589,6.240012588547136e-05,0.006240012588547136
2024,留学,パラグアイ,23,368589,6.240012588547136e-05,0.006240012588547136
2024,留学,オマーン,22,368589,5.9687076933929116e-05,0.005968707693392912
2024,留学,ギニア,22,368589,5.9687076933929116e-05,0.005968707693392912
2024,留学,ホンジュラス,21,368589,5.697402798238689e-05,0.0056974027982386885
2024,留学,イラク,19,368589,5.154793007930242e-05,0.005154793007930242
2024,留学,パレスチナ,19,368589,5.154793007930242e-05,0.005154793007930242
2024,留学,アルメニア,18,368589,4.8834881127760185e-05,0.004883488112776019
2024,留学,シエラレオネ,18,368589,4.8834881127760185e-05,0.004883488112776019
2024,留学,ソマリア,17,368589,4.612183217621796e-05,0.004612183217621796
2024,留学,南スーダン共和国,17,368589,4.612183217621796e-05,0.004612183217621796
2024,留学,ガボン,16,368589,4.340878322467572e-05,0.004340878322467572
2024,留学,ジブチ,16,368589,4.340878322467572e-05,0.004340878322467572
2024,留学,アルバニア,15,368589,4.069573427313349e-05,0.004069573427313349
2024,留学,サモア,15,368589,4.069573427313349e-05,0.004069573427313349
2024,留学,レバノン,15,368589,4.069573427313349e-05,0.004069573427313349
2024,留学,カタール,14,368589,3.7982685321591255e-05,0.0037982685321591254
2024,留学,クウェート,14,368589,3.7982685321591255e-05,0.0037982685321591254
2024,留学,ジャマイカ,14,368589,3.7982685321591255e-05,0.0037982685321591254
2024,留学,アンゴラ,13,368589,3.526963637004903e-05,0.0035269636370049025
2024,留学,トリニダード・トバゴ,13,368589,3.526963637004903e-05,0.0035269636370049025
2024,留学,北マケドニア,13,368589,3.526963637004903e-05,0.0035269636370049025
2024,留学,イエメン,12,368589,3.255658741850679e-05,0.0032556587418506792
2024,留学,キプロス,12,368589,3.255658741850679e-05,0.0032556587418506792
2024,留学,無国籍,12,368589,3.255658741850679e-05,0.0032556587418506792
2024,留学,ニカラグア,11,368589,2.9843538466964558e-05,0.002984353846696456
2024,留学,ハイチ,11,368589,2.9843538466964558e-05,0.002984353846696456
2024,留学,ボスニア・ヘルツェゴビナ,11,368589,2.9843538466964558e-05,0.002984353846696456
2024,留学,リビア,11,368589,2.9843538466964558e-05,0.002984353846696456
2024,留学,バーレーン,10,368589,2.7130489515422327e-05,0.0027130489515422326
2024,留学,モーリタニア,10,368589,2.7130489515422327e-05,0.0027130489515422326
2024,留学,バヌアツ,9,368589,2.4417440563880093e-05,0.0024417440563880093
2024,留学,モルドバ,9,368589,2.4417440563880093e-05,0.0024417440563880093
2024,留学,エリトリア,8,368589,2.170439161233786e-05,0.002170439161233786
2024,留学,パラオ,8,368589,2.170439161233786e-05,0.002170439161233786
2024,留学,ブルンジ,8,368589,2.170439161233786e-05,0.002170439161233786
2024,留学,コソボ共和国,7,368589,1.8991342660795627e-05,0.0018991342660795627
2024,留学,ニジェール,7,368589,1.8991342660795627e-05,0.0018991342660795627
2024,留学,モーリシャス,7,368589,1.8991342660795627e-05,0.0018991342660795627
2024,留学,ウルグアイ,6,368589,1.6278293709253396e-05,0.0016278293709253396
2024,留学,エスワティニ,6,368589,1.6278293709253396e-05,0.0016278293709253396
2024,留学,トーゴ,6,368589,1.6278293709253396e-05,0.0016278293709253396
2024,留学,ベリーズ,6,368589,1.6278293709253396e-05,0.0016278293709253396
2024,留学,レソト,6,368589,1.6278293709253396e-05,0.0016278293709253396
2024,留学,ギニアビサウ,5,368589,1.3565244757711164e-05,0.0013565244757711163
2024,留学,マルタ,5,368589,1.3565244757711164e-05,0.0013565244757711163
2024,留学,ミクロネシア,5,368589,1.3565244757711164e-05,0.0013565244757711163
2024,留学,カーボベルデ,4,368589,1.085219580616893e-05,0.001085219580616893
2024,留学,コンゴ共和国,4,368589,1.085219580616893e-05,0.001085219580616893
2024,留学,セーシェル,4,368589,1.085219580616893e-05,0.001085219580616893
2024,留学,モンテネグロ,4,368589,1.085219580616893e-05,0.001085219580616893
2024,留学,キリバス,3,368589,8.139146854626698e-06,0.0008139146854626698
2024,留学,サントメ・プリンシペ,3,368589,8.139146854626698e-06,0.0008139146854626698
2024,留学,バハマ,3,368589,8.139146854626698e-06,0.0008139146854626698
2024,留学,バルバドス,3,368589,8.139146854626698e-06,0.0008139146854626698
2024,留学,スリナム,2,368589,5.426097903084465e-06,0.0005426097903084465
2024,留学,セントクリストファー・ネービス,2,368589,5.426097903084465e-06,0.0005426097903084465
2024,留学,セントルシア,2,368589,5.426097903084465e-06,0.0005426097903084465
2024,留学,ドミニカ,2,368589,5.426097903084465e-06,0.0005426097903084465
2024,留学,リヒテンシュタイン,2,368589,5.426097903084465e-06,0.0005426097903084465
2024,留学,中央アフリカ,2,368589,5.426097903084465e-06,0.0005426097903084465
2024,留学,アンドラ,1,368589,2.7130489515422327e-06,0.00027130489515422325
2024,留学,コモロ,1,368589,2.7130489515422327e-06,0.00027130489515422325
2024,留学,チャド,1,368589,2.7130489515422327e-06,0.00027130489515422325
2024,留学,マーシャル,1,368589,2.7130489515422327e-06,0.00027130489515422325
2024,留学,モナコ,1,368589,2.7130489515422327e-06,0.00027130489515422325
