年,年代,罪種00,罪種01,検挙人員,人数,年代別検挙人員割合
2013,10代(14歳以上),その他の刑法犯,,14028,7245156.095816372,0.0019361901682284387
2013,10代(14歳以上),凶悪犯,不同意性交等,135,7245156.095816372,1.8633138915799775e-05
2013,10代(14歳以上),凶悪犯,強盗,556,7245156.095816372,7.674092768284944e-05
2013,10代(14歳以上),凶悪犯,放火,63,7245156.095816372,8.695464827373228e-06
2013,10代(14歳以上),凶悪犯,殺人,53,7245156.095816372,7.315232315091764e-06
2013,10代(14歳以上),知能犯,,921,7245156.095816372,0.0001271194143811229
2013,10代(14歳以上),窃盗犯,,33321,7245156.095816372,0.004599072754173069
2013,10代(14歳以上),粗暴犯,,7287,7245156.095816372,0.0010057754316995034
2013,10代(14歳以上),風俗犯,,537,7245156.095816372,7.411848590951466e-05
2013,20代,その他の刑法犯,,10175,13242390.943121102,0.0007683657765205543
2013,20代,凶悪犯,不同意性交等,305,13242390.943121102,2.3032094529608752e-05
2013,20代,凶悪犯,強盗,592,13242390.943121102,4.4704917906650425e-05
2013,20代,凶悪犯,放火,86,13242390.943121102,6.494295506709353e-06
2013,20代,凶悪犯,殺人,163,13242390.943121102,1.2308955437135168e-05
2013,20代,知能犯,,3032,13242390.943121102,0.00022896167414352043
2013,20代,窃盗犯,,17803,13242390.943121102,0.0013443946849528675
2013,20代,粗暴犯,,8759,13242390.943121102,0.0006614364458519444
2013,20代,風俗犯,,1225,13242390.943121102,9.250595343859253e-05
2013,30代,その他の刑法犯,,6208,16868718.34180961,0.00036801847503809996
2013,30代,凶悪犯,不同意性交等,244,16868718.34180961,1.4464643670956249e-05
2013,30代,凶悪犯,強盗,427,16868718.34180961,2.5313126424173437e-05
2013,30代,凶悪犯,放火,110,16868718.34180961,6.520945917234375e-06
2013,30代,凶悪犯,殺人,178,16868718.34180961,1.0552076120615624e-05
2013,30代,知能犯,,2870,16868718.34180961,0.00017013740711329688
2013,30代,窃盗犯,,14636,16868718.34180961,0.0008676414949512938
2013,30代,粗暴犯,,10553,16868718.34180961,0.0006255958387688578
2013,30代,風俗犯,,1405,16868718.34180961,8.329026376103906e-05
2013,40代,その他の刑法犯,,5614,18203103.133487303,0.00030840895416739227
2013,40代,凶悪犯,不同意性交等,150,18203103.133487303,8.240353246367801e-06
2013,40代,凶悪犯,強盗,316,18203103.133487303,1.73596775056815e-05
2013,40代,凶悪犯,放火,107,18203103.133487303,5.878118649075698e-06
2013,40代,凶悪犯,殺人,182,18203103.133487303,9.9982952722596e-06
2013,40代,知能犯,,2735,18203103.133487303,0.0001502491075254396
2013,40代,窃盗犯,,15335,18203103.133487303,0.0008424387802203349
2013,40代,粗暴犯,,10333,18203103.133487303,0.0005676504672981233
2013,40代,風俗犯,,1279,18203103.133487303,7.02627453473628e-05
2013,50代,その他の刑法犯,,4338,15540204.486955913,0.00027914690592657364
2013,50代,凶悪犯,不同意性交等,58,15540204.486955913,3.7322546205028288e-06
2013,50代,凶悪犯,強盗,152,15540204.486955913,9.781081074421207e-06
2013,50代,凶悪犯,放火,75,15540204.486955913,4.826191319615727e-06
2013,50代,凶悪犯,殺人,105,15540204.486955913,6.756667847462018e-06
2013,50代,知能犯,,2065,15540204.486955913,0.0001328811343334197
2013,50代,窃盗犯,,14102,15540204.486955913,0.0009074526665229464
2013,50代,粗暴犯,,6079,15540204.486955913,0.0003911788937592534
2013,50代,風俗犯,,663,15540204.486955913,4.266353126540303e-05
2013,60代,その他の刑法犯,,4654,18393061.486655373,0.00025303019855485144
2013,60代,凶悪犯,不同意性交等,38,18393061.486655373,2.0659964643498827e-06
2013,60代,凶悪犯,強盗,150,18393061.486655373,8.155249201381116e-06
2013,60代,凶悪犯,放火,76,18393061.486655373,4.1319929286997654e-06
2013,60代,凶悪犯,殺人,123,18393061.486655373,6.687304345132515e-06
2013,60代,知能犯,,1391,18393061.486655373,7.562634426080755e-05
2013,60代,窃盗犯,,19076,18393061.486655373,0.001037130225103641
2013,60代,粗暴犯,,5542,18393061.486655373,0.00030130927382702766
2013,60代,風俗犯,,472,18393061.486655373,2.5661850820345913e-05
2013,70代以上,その他の刑法犯,,3308,23213386.694431268,0.00014250398029140517
2013,70代以上,凶悪犯,不同意性交等,7,23213386.694431268,3.015501396734692e-07
2013,70代以上,凶悪犯,強盗,62,23213386.694431268,2.6708726656792984e-06
2013,70代以上,凶悪犯,放火,32,23213386.694431268,1.3785149242215734e-06
2013,70代以上,凶悪犯,殺人,102,23213386.694431268,4.394016320956265e-06
2013,70代以上,知能犯,,509,23213386.694431268,2.1927003013399404e-05
2013,70代以上,窃盗犯,,24674,23213386.694431268,0.001062921163757597
2013,70代以上,粗暴犯,,2721,23213386.694431268,0.00011721684715021567
2013,70代以上,風俗犯,,189,23213386.694431268,8.141853771183668e-06
2014,10代(14歳以上),その他の刑法犯,,11855,7200919.615093694,0.00164631750299656
2014,10代(14歳以上),凶悪犯,不同意性交等,135,7200919.615093694,1.874760547486593e-05
2014,10代(14歳以上),凶悪犯,強盗,472,7200919.615093694,6.554718358619792e-05
2014,10代(14歳以上),凶悪犯,放火,83,7200919.615093694,1.1526305588250904e-05
2014,10代(14歳以上),凶悪犯,殺人,55,7200919.615093694,7.637913341612046e-06
2014,10代(14歳以上),知能犯,,1038,7200919.615093694,0.00014414825542896916
2014,10代(14歳以上),窃盗犯,,28419,7200919.615093694,0.003946579259186777
2014,10代(14歳以上),粗暴犯,,6322,7200919.615093694,0.0008779434208303882
2014,10代(14歳以上),風俗犯,,464,7200919.615093694,6.443621437287253e-05
2014,20代,その他の刑法犯,,9317,13040240.441122737,0.0007144806909095479
2014,20代,凶悪犯,不同意性交等,315,13040240.441122737,2.415599631174279e-05
2014,20代,凶悪犯,強盗,580,13040240.441122737,4.4477707494637516e-05
2014,20代,凶悪犯,放火,88,13040240.441122737,6.748341826772589e-06
2014,20代,凶悪犯,殺人,161,13040240.441122737,1.234639811489076e-05
2014,20代,知能犯,,2931,13040240.441122737,0.0002247657942530734
2014,20代,窃盗犯,,17347,13040240.441122737,0.0013302668826025467
2014,20代,粗暴犯,,9090,13040240.441122737,0.0006970730364245776
2014,20代,風俗犯,,1252,13040240.441122737,9.601049962635546e-05
2014,30代,その他の刑法犯,,5680,16329679.319406463,0.0003478329175300946
2014,30代,凶悪犯,不同意性交等,229,16329679.319406463,1.402354544267459e-05
2014,30代,凶悪犯,強盗,369,16329679.319406463,2.259689200151495e-05
2014,30代,凶悪犯,放火,107,16329679.319406463,6.552486298542276e-06
2014,30代,凶悪犯,殺人,194,16329679.319406463,1.18802088029645e-05
2014,30代,知能犯,,2754,16329679.319406463,0.0001686499744503311
2014,30代,窃盗犯,,13951,16329679.319406463,0.0008543339845884419
2014,30代,粗暴犯,,10859,16329679.319406463,0.0006649855020174819
2014,30代,風俗犯,,1382,16329679.319406463,8.463117817369556e-05
2014,40代,その他の刑法犯,,5324,18537365.50898065,0.0002872037020266296
2014,40代,凶悪犯,不同意性交等,145,18537365.50898065,7.822039217479583e-06
2014,40代,凶悪犯,強盗,313,18537365.50898065,1.6884815690145582e-05
2014,40代,凶悪犯,放火,129,18537365.50898065,6.958917648654249e-06
2014,40代,凶悪犯,殺人,189,18537365.50898065,1.0195623531749248e-05
2014,40代,知能犯,,2637,18537365.50898065,0.00014225322356202524
2014,40代,窃盗犯,,15226,18537365.50898065,0.0008213680629334077
2014,40代,粗暴犯,,11321,18537365.50898065,0.0006107124550419748
2014,40代,風俗犯,,1259,18537365.50898065,6.79168784469434e-05
2014,50代,その他の刑法犯,,4031,15530959.022879202,0.0002595461100671113
2014,50代,凶悪犯,不同意性交等,52,15530959.022879202,3.3481512586181557e-06
2014,50代,凶悪犯,強盗,156,15530959.022879202,1.0044453775854466e-05
2014,50代,凶悪犯,放火,96,15530959.022879202,6.181202323602749e-06
2014,50代,凶悪犯,殺人,109,15530959.022879202,7.018240138257288e-06
2014,50代,知能犯,,1898,15530959.022879202,0.0001222075209395627
2014,50代,窃盗犯,,13416,15530959.022879202,0.0008638230247234841
2014,50代,粗暴犯,,6364,15530959.022879202,0.0004097622040354989
2014,50代,風俗犯,,663,15530959.022879202,4.268892854738148e-05
2014,60代,その他の刑法犯,,4186,18166728.286261037,0.00023042123678184524
2014,60代,凶悪犯,不同意性交等,34,18166728.286261037,1.8715532848979307e-06
2014,60代,凶悪犯,強盗,145,18166728.286261037,7.981624303241175e-06
2014,60代,凶悪犯,放火,65,18166728.286261037,3.577969515246044e-06
2014,60代,凶悪犯,殺人,143,18166728.286261037,7.871532933541296e-06
2014,60代,知能犯,,1348,18166728.286261037,7.420158317771797e-05
2014,60代,窃盗犯,,18132,18166728.286261037,0.0009980883576990965
2014,60代,粗暴犯,,5633,18166728.286261037,0.00031007234275970717
2014,60代,風俗犯,,438,18166728.286261037,2.4110009964273345e-05
2014,70代以上,その他の刑法犯,,3231,23858856.846438594,0.0001354214085274706
2014,70代以上,凶悪犯,不同意性交等,9,23858856.846438594,3.7721840815451425e-07
2014,70代以上,凶悪犯,強盗,61,23858856.846438594,2.5567025441583743e-06
2014,70代以上,凶悪犯,放火,30,23858856.846438594,1.2573946938483807e-06
2014,70代以上,凶悪犯,殺人,116,23858856.846438594,4.861926149547072e-06
2014,70代以上,知能犯,,519,23858856.846438594,2.175292820357699e-05
2014,70代以上,窃盗犯,,24999,23858856.846438594,0.0010477869983838556
2014,70代以上,粗暴犯,,3029,23858856.846438594,0.00012695495092222484
2014,70代以上,風俗犯,,220,23858856.846438594,9.220894421554793e-06
2015,10代(14歳以上),その他の刑法犯,,8891,7259852.072353073,0.0012246806011183967
2015,10代(14歳以上),凶悪犯,不同意性交等,94,7259852.072353073,1.2947922225298537e-05
2015,10代(14歳以上),凶悪犯,強盗,426,7259852.072353073,5.8678881574225285e-05
2015,10代(14歳以上),凶悪犯,放火,47,7259852.072353073,6.473961112649268e-06
2015,10代(14歳以上),凶悪犯,殺人,62,7259852.072353073,8.54011891455861e-06
2015,10代(14歳以上),知能犯,,1000,7259852.072353073,0.00013774385346062274
2015,10代(14歳以上),窃盗犯,,23264,7259852.072353073,0.003204473006907927
2015,10代(14歳以上),粗暴犯,,5164,7259852.072353073,0.0007113092592706558
2015,10代(14歳以上),風俗犯,,541,7259852.072353073,7.45194247221969e-05
2015,20代,その他の刑法犯,,8946,12823345.167249082,0.0006976338765993877
2015,20代,凶悪犯,不同意性交等,333,12823345.167249082,2.596826301225085e-05
2015,20代,凶悪犯,強盗,532,12823345.167249082,4.1486834602154506e-05
2015,20代,凶悪犯,放火,112,12823345.167249082,8.734070442558844e-06
2015,20代,凶悪犯,殺人,136,12823345.167249082,1.060565696596431e-05
2015,20代,知能犯,,3021,12823345.167249082,0.0002355859536336631
2015,20代,窃盗犯,,16862,12823345.167249082,0.0013149454982359574
2015,20代,粗暴犯,,9252,12823345.167249082,0.0007214966047728073
2015,20代,風俗犯,,1245,12823345.167249082,9.708855090165858e-05
2015,30代,その他の刑法犯,,5649,15988320.796281936,0.0003533204063126922
2015,30代,凶悪犯,不同意性交等,243,15988320.796281936,1.5198594217380812e-05
2015,30代,凶悪犯,強盗,374,15988320.796281936,2.339207505061903e-05
2015,30代,凶悪犯,放火,95,15988320.796281936,5.941837245478095e-06
2015,30代,凶悪犯,殺人,203,15988320.796281936,1.2696768008758455e-05
2015,30代,知能犯,,2746,15988320.796281936,0.00017175036922192474
2015,30代,窃盗犯,,13245,15988320.796281936,0.0008284172033300776
2015,30代,粗暴犯,,10840,15988320.796281936,0.0006779949025366584
2015,30代,風俗犯,,1334,15988320.796281936,8.343590405755557e-05
2015,40代,その他の刑法犯,,5186,18736867.851690367,0.00027678051855033707
2015,40代,凶悪犯,不同意性交等,143,18736867.851690367,7.632011984708484e-06
2015,40代,凶悪犯,強盗,267,18736867.851690367,1.4249980419001157e-05
2015,40代,凶悪犯,放火,128,18736867.851690367,6.8314512870117904e-06
2015,40代,凶悪犯,殺人,193,18736867.851690367,1.0300547643697465e-05
2015,40代,知能犯,,2638,18736867.851690367,0.00014079194136825863
2015,40代,窃盗犯,,15057,18736867.851690367,0.0008036028283479416
2015,40代,粗暴犯,,11641,18736867.851690367,0.0006212884721258145
2015,40代,風俗犯,,1224,18736867.851690367,6.532575293205025e-05
2015,50代,その他の刑法犯,,3721,15710822.93748844,0.00023684309948660432
2015,50代,凶悪犯,不同意性交等,71,15710822.93748844,4.519177657497691e-06
2015,50代,凶悪犯,強盗,175,15710822.93748844,1.1138818169888675e-05
2015,50代,凶悪犯,放火,85,15710822.93748844,5.410283111088785e-06
2015,50代,凶悪犯,殺人,101,15710822.93748844,6.428689343764321e-06
2015,50代,知能犯,,1867,15710822.93748844,0.0001188352772753266
2015,50代,窃盗犯,,13260,15710822.93748844,0.0008440041653298504
2015,50代,粗暴犯,,6755,15710822.93748844,0.00042995838135770283
2015,50代,風俗犯,,746,15710822.93748844,4.7483190598496864e-05
2015,60代,その他の刑法犯,,4227,18351858.44009029,0.00023033089612145043
2015,60代,凶悪犯,不同意性交等,32,18351858.44009029,1.74369261317398e-06
2015,60代,凶悪犯,強盗,137,18351858.44009029,7.465184000151102e-06
2015,60代,凶悪犯,放火,80,18351858.44009029,4.35923153293495e-06
2015,60代,凶悪犯,殺人,106,18351858.44009029,5.7759817811388085e-06
2015,60代,知能犯,,1211,18351858.44009029,6.59878673298028e-05
2015,60代,窃盗犯,,17205,18351858.44009029,0.0009375072315518227
2015,60代,粗暴犯,,5696,18351858.44009029,0.00031037728514496843
2015,60代,風俗犯,,487,18351858.44009029,2.653682195674151e-05
2015,70代以上,その他の刑法犯,,3107,24128122.1234849,0.0001287708999522938
2015,70代以上,凶悪犯,不同意性交等,17,24128122.1234849,7.045720306369469e-07
2015,70代以上,凶悪犯,強盗,61,24128122.1234849,2.5281702275796334e-06
2015,70代以上,凶悪犯,放火,44,24128122.1234849,1.8235981969426863e-06
2015,70代以上,凶悪犯,殺人,112,24128122.1234849,4.641886319490474e-06
2015,70代以上,知能犯,,533,24128122.1234849,2.2090405431146633e-05
2015,70代以上,窃盗犯,,24954,24128122.1234849,0.0010342288501479044
2015,70代以上,粗暴犯,,3193,24128122.1234849,0.00013233520551904538
2015,70代以上,風俗犯,,238,24128122.1234849,9.864008428917258e-06
2016,10代(14歳以上),その他の刑法犯,,7182,7231719.380636883,0.0009931248188681093
2016,10代(14歳以上),凶悪犯,不同意性交等,115,7231719.380636883,1.5902165715654772e-05
2016,10代(14歳以上),凶悪犯,強盗,340,7231719.380636883,4.701509863758802e-05
2016,10代(14歳以上),凶悪犯,放火,54,7231719.380636883,7.46710390126398e-06
2016,10代(14歳以上),凶悪犯,殺人,51,7231719.380636883,7.0522647956382034e-06
2016,10代(14歳以上),知能犯,,892,7231719.380636883,0.00012334549407273093
2016,10代(14歳以上),窃盗犯,,18509,7231719.380636883,0.0025594190020091665
2016,10代(14歳以上),粗暴犯,,4260,7231719.380636883,0.0005890715299886028
2016,10代(14歳以上),風俗犯,,592,7231719.380636883,8.186158351015326e-05
2016,20代,その他の刑法犯,,8139,12753045.041168712,0.0006382005218146809
2016,20代,凶悪犯,不同意性交等,288,12753045.041168712,2.2582841907191066e-05
2016,20代,凶悪犯,強盗,578,12753045.041168712,4.532250910540429e-05
2016,20代,凶悪犯,放火,111,12753045.041168712,8.70380365172989e-06
2016,20代,凶悪犯,殺人,145,12753045.041168712,1.1369833599106613e-05
2016,20代,知能犯,,3127,12753045.041168712,0.00024519634251314744
2016,20代,窃盗犯,,16000,12753045.041168712,0.0012546023281772814
2016,20代,粗暴犯,,9320,12753045.041168712,0.0007308058561632664
2016,20代,風俗犯,,1266,12753045.041168712,9.927040921702739e-05
2016,30代,その他の刑法犯,,5348,15563922.265101623,0.00034361518317215016
2016,30代,凶悪犯,不同意性交等,233,15563922.265101623,1.4970519386520379e-05
2016,30代,凶悪犯,強盗,381,15563922.265101623,2.447969049898826e-05
2016,30代,凶悪犯,放火,88,15563922.265101623,5.654101742548469e-06
2016,30代,凶悪犯,殺人,174,15563922.265101623,1.1179701172766292e-05
2016,30代,知能犯,,2662,15563922.265101623,0.0001710365777120912
2016,30代,窃盗犯,,12914,15563922.265101623,0.0008297394307189878
2016,30代,粗暴犯,,10971,15563922.265101623,0.0007048994342897642
2016,30代,風俗犯,,1265,15563922.265101623,8.127771254913424e-05
2016,40代,その他の刑法犯,,5124,19127265.367824294,0.0002678898369141438
2016,40代,凶悪犯,不同意性交等,146,19127265.367824294,7.633082784829233e-06
2016,40代,凶悪犯,強盗,295,19127265.367824294,1.5423009736470024e-05
2016,40代,凶悪犯,放火,114,19127265.367824294,5.960078338839264e-06
2016,40代,凶悪犯,殺人,149,19127265.367824294,7.789926951640792e-06
2016,40代,知能犯,,2484,19127265.367824294,0.00012986697011997133
2016,40代,窃盗犯,,14448,19127265.367824294,0.0007553615073644709
2016,40代,粗暴犯,,11873,19127265.367824294,0.0006207369308512156
2016,40代,風俗犯,,1250,19127265.367824294,6.535173617148315e-05
2016,50代,その他の刑法犯,,3585,15543632.416015755,0.00023064106922048087
2016,50代,凶悪犯,不同意性交等,50,15543632.416015755,3.216751314093178e-06
2016,50代,凶悪犯,強盗,185,15543632.416015755,1.1901979862144759e-05
2016,50代,凶悪犯,放火,97,15543632.416015755,6.240497549340765e-06
2016,50代,凶悪犯,殺人,100,15543632.416015755,6.433502628186356e-06
2016,50代,知能犯,,1892,15543632.416015755,0.00012172186972528586
2016,50代,窃盗犯,,12547,15543632.416015755,0.000807211574758542
2016,50代,粗暴犯,,6768,15543632.416015755,0.0004354194578756526
2016,50代,風俗犯,,745,15543632.416015755,4.7929594579988355e-05
2016,60代,その他の刑法犯,,3593,18480534.89709995,0.0001944207794853292
2016,60代,凶悪犯,不同意性交等,33,18480534.89709995,1.7856626003383977e-06
2016,60代,凶悪犯,強盗,137,18480534.89709995,7.413205340798803e-06
2016,60代,凶悪犯,放火,62,18480534.89709995,3.3548812491206263e-06
2016,60代,凶悪犯,殺人,100,18480534.89709995,5.411098788904236e-06
2016,60代,知能犯,,1244,18480534.89709995,6.73140689339687e-05
2016,60代,窃盗犯,,16566,18480534.89709995,0.0008964026253698757
2016,60代,粗暴犯,,5719,18480534.89709995,0.00030946073973743326
2016,60代,風俗犯,,474,18480534.89709995,2.564860825940608e-05
2016,70代以上,その他の刑法犯,,2707,24334029.668349538,0.00011124339194510413
2016,70代以上,凶悪犯,不同意性交等,10,24334029.668349538,4.109471442375476e-07
2016,70代以上,凶悪犯,強盗,68,24334029.668349538,2.7944405808153235e-06
2016,70代以上,凶悪犯,放火,51,24334029.668349538,2.095830435611493e-06
2016,70代以上,凶悪犯,殺人,97,24334029.668349538,3.986187299104212e-06
2016,70代以上,知能犯,,575,24334029.668349538,2.3629460793658987e-05
2016,70代以上,窃盗犯,,24478,24334029.668349538,0.001005916419664669
2016,70代以上,粗暴犯,,3380,24334029.668349538,0.00013890013475229107
2016,70代以上,風俗犯,,225,24334029.668349538,9.246310745344821e-06
2017,10代(14歳以上),その他の刑法犯,,5808,7154929.053876686,0.0008117480908986942
2017,10代(14歳以上),凶悪犯,不同意性交等,109,7154929.053876686,1.5234253083326045e-05
2017,10代(14歳以上),凶悪犯,強盗,269,7154929.053876686,3.7596459444171615e-05
2017,10代(14歳以上),凶悪犯,放火,46,7154929.053876686,6.429134328743101e-06
2017,10代(14歳以上),凶悪犯,殺人,47,7154929.053876686,6.568898118498386e-06
2017,10代(14歳以上),知能犯,,944,7154929.053876686,0.00013193701752898886
2017,10代(14歳以上),窃盗犯,,15805,7154929.053876686,0.0022089666970822766
2017,10代(14歳以上),粗暴犯,,3691,7154929.053876686,0.0005158681479867563
2017,10代(14歳以上),風俗犯,,582,7154929.053876686,8.134252563757576e-05
2017,20代,その他の刑法犯,,7540,12738388.46755802,0.0005919116079088642
2017,20代,凶悪犯,不同意性交等,315,12738388.46755802,2.472840271767801e-05
2017,20代,凶悪犯,強盗,494,12738388.46755802,3.878041569058076e-05
2017,20代,凶悪犯,放火,89,12738388.46755802,6.986755053566168e-06
2017,20代,凶悪犯,殺人,163,12738388.46755802,1.279596712057624e-05
2017,20代,知能犯,,3101,12738388.46755802,0.0002434373867540302
2017,20代,窃盗犯,,15230,12738388.46755802,0.0011955986456832894
2017,20代,粗暴犯,,9597,12738388.46755802,0.0007533920027985901
2017,20代,風俗犯,,1210,12738388.46755802,9.498846758219172e-05
2017,30代,その他の刑法犯,,4935,15207355.653297298,0.0003245140123312616
2017,30代,凶悪犯,不同意性交等,239,15207355.653297298,1.5716078814016518e-05
2017,30代,凶悪犯,強盗,331,15207355.653297298,2.1765782792633755e-05
2017,30代,凶悪犯,放火,115,15207355.653297298,7.562129973271547e-06
2017,30代,凶悪犯,殺人,195,15207355.653297298,1.2822742128590884e-05
2017,30代,知能犯,,2494,15207355.653297298,0.00016399958394208033
2017,30代,窃盗犯,,11944,15207355.653297298,0.000785409394789177
2017,30代,粗暴犯,,10431,15207355.653297298,0.0006859180674017001
2017,30代,風俗犯,,1266,15207355.653297298,8.32491873579285e-05
2017,40代,その他の刑法犯,,4829,19048144.65632887,0.00025351550437724825
2017,40代,凶悪犯,不同意性交等,148,19048144.65632887,7.76978559698338e-06
2017,40代,凶悪犯,強盗,229,19048144.65632887,1.2022168254791851e-05
2017,40代,凶悪犯,放火,114,19048144.65632887,5.984834851730442e-06
2017,40代,凶悪犯,殺人,167,19048144.65632887,8.767258072271787e-06
2017,40代,知能犯,,2384,19048144.65632887,0.00012515654637302958
2017,40代,窃盗犯,,13993,19048144.65632887,0.0007346122287742461
2017,40代,粗暴犯,,11687,19048144.65632887,0.0006135505694050322
2017,40代,風俗犯,,1135,19048144.65632887,5.958585576064957e-05
2017,50代,その他の刑法犯,,3413,15850840.195228755,0.0002153198163607342
2017,50代,凶悪犯,不同意性交等,48,15850840.195228755,3.028230643221577e-06
2017,50代,凶悪犯,強盗,174,15850840.195228755,1.0977336081678216e-05
2017,50代,凶悪犯,放火,86,15850840.195228755,5.425579902438658e-06
2017,50代,凶悪犯,殺人,119,15850840.195228755,7.507488469653493e-06
2017,50代,知能犯,,1755,15850840.195228755,0.0001107196828927889
2017,50代,窃盗犯,,12435,15850840.195228755,0.0007845010010095898
2017,50代,粗暴犯,,6917,15850840.195228755,0.00043638065331590934
2017,50代,風俗犯,,653,15850840.195228755,4.119655437549353e-05
2017,60代,その他の刑法犯,,3289,17777555.7201753,0.0001850085608938577
2017,60代,凶悪犯,不同意性交等,37,17777555.7201753,2.0812759966776328e-06
2017,60代,凶悪犯,強盗,126,17777555.7201753,7.087588529226534e-06
2017,60代,凶悪犯,放火,73,17777555.7201753,4.106301290742357e-06
2017,60代,凶悪犯,殺人,87,17777555.7201753,4.893811127323083e-06
2017,60代,知能犯,,1203,17777555.7201753,6.766959524332953e-05
2017,60代,窃盗犯,,15559,17777555.7201753,0.0008752046819542511
2017,60代,粗暴犯,,5315,17777555.7201753,0.0002989724843876113
2017,60代,風俗犯,,402,17777555.7201753,2.2612782450389416e-05
2017,70代以上,その他の刑法犯,,2732,25252142.26271537,0.00010818884083485388
2017,70代以上,凶悪犯,不同意性交等,14,25252142.26271537,5.544084083777286e-07
2017,70代以上,凶悪犯,強盗,81,25252142.26271537,3.2076486484711437e-06
2017,70代以上,凶悪犯,放火,56,25252142.26271537,2.2176336335109143e-06
2017,70代以上,凶悪犯,殺人,96,25252142.26271537,3.8016576574472812e-06
2017,70代以上,知能犯,,541,25252142.26271537,2.1423924923739366e-05
2017,70代以上,窃盗犯,,24272,25252142.26271537,0.0009611857777245876
2017,70代以上,粗暴犯,,3615,25252142.26271537,0.00014315617116324918
2017,70代以上,風俗犯,,229,25252142.26271537,9.068537537035701e-06
2018,10代(14歳以上),その他の刑法犯,,4643,7050531.569474935,0.0006585319070269439
2018,10代(14歳以上),凶悪犯,不同意性交等,148,7050531.569474935,2.0991325057072516e-05
2018,10代(14歳以上),凶悪犯,強盗,269,7050531.569474935,3.8153151624003424e-05
2018,10代(14歳以上),凶悪犯,放火,37,7050531.569474935,5.247831264268129e-06
2018,10代(14歳以上),凶悪犯,殺人,34,7050531.569474935,4.822331432030172e-06
2018,10代(14歳以上),知能犯,,1219,7050531.569474935,0.00017289476516602295
2018,10代(14歳以上),窃盗犯,,13374,7050531.569474935,0.0018968782521168095
2018,10代(14歳以上),粗暴犯,,3685,7050531.569474935,0.0005226556272656231
2018,10代(14歳以上),風俗犯,,561,7050531.569474935,7.956846862849785e-05
2018,20代,その他の刑法犯,,7054,12759375.91029432,0.0005528483563454543
2018,20代,凶悪犯,不同意性交等,333,12759375.91029432,2.609845515495269e-05
2018,20代,凶悪犯,強盗,505,12759375.91029432,3.957873829805138e-05
2018,20代,凶悪犯,放火,97,12759375.91029432,7.602252702794027e-06
2018,20代,凶悪犯,殺人,169,12759375.91029432,1.32451619254865e-05
2018,20代,知能犯,,3009,12759375.91029432,0.00023582658126502297
2018,20代,窃盗犯,,14544,12759375.91029432,0.0011398676629838797
2018,20代,粗暴犯,,9797,12759375.91029432,0.0007678275229821967
2018,20代,風俗犯,,1162,12759375.91029432,9.10702849551202e-05
2018,30代,その他の刑法犯,,4565,14859327.827980278,0.00030721443478782764
2018,30代,凶悪犯,不同意性交等,266,14859327.827980278,1.7901213505709125e-05
2018,30代,凶悪犯,強盗,328,14859327.827980278,2.2073676804032306e-05
2018,30代,凶悪犯,放火,84,14859327.827980278,5.653014791276566e-06
2018,30代,凶悪犯,殺人,151,14859327.827980278,1.016196706527097e-05
2018,30代,知能犯,,2278,14859327.827980278,0.00015330437731580972
2018,30代,窃盗犯,,11440,14859327.827980278,0.0007698867763357609
2018,30代,粗暴犯,,10563,14859327.827980278,0.0007108666100030281
2018,30代,風俗犯,,1207,14859327.827980278,8.122843872703352e-05
2018,40代,その他の刑法犯,,4531,18916464.88072187,0.00023952678413066643
2018,40代,凶悪犯,不同意性交等,203,18916464.88072187,1.0731392005854178e-05
2018,40代,凶悪犯,強盗,269,18916464.88072187,1.4220416007757508e-05
2018,40代,凶悪犯,放火,100,18916464.88072187,5.286400002883832e-06
2018,40代,凶悪犯,殺人,177,18916464.88072187,9.356928005104382e-06
2018,40代,知能犯,,2253,18916464.88072187,0.00011910259206497273
2018,40代,窃盗犯,,13314,18916464.88072187,0.0007038312963839533
2018,40代,粗暴犯,,11688,18916464.88072187,0.0006178744323370622
2018,40代,風俗犯,,1171,18916464.88072187,6.190374403376967e-05
2018,50代,その他の刑法犯,,3429,16121921.316749813,0.00021269177119959348
2018,50代,凶悪犯,不同意性交等,85,16121921.316749813,5.272324453766534e-06
2018,50代,凶悪犯,強盗,181,16121921.316749813,1.1226949719196973e-05
2018,50代,凶悪犯,放火,99,16121921.316749813,6.14070730497514e-06
2018,50代,凶悪犯,殺人,104,16121921.316749813,6.450844037549642e-06
2018,50代,知能犯,,1820,16121921.316749813,0.00011288977065711872
2018,50代,窃盗犯,,11889,16121921.316749813,0.0007374431227156509
2018,50代,粗暴犯,,7087,16121921.316749813,0.00043958780475109917
2018,50代,風俗犯,,769,16121921.316749813,4.769902946995841e-05
2018,60代,その他の刑法犯,,2986,17018934.901164815,0.000175451637681253
2018,60代,凶悪犯,不同意性交等,40,17018934.901164815,2.3503233446919354e-06
2018,60代,凶悪犯,強盗,112,17018934.901164815,6.580905365137419e-06
2018,60代,凶悪犯,放火,60,17018934.901164815,3.525485017037903e-06
2018,60代,凶悪犯,殺人,111,17018934.901164815,6.52214728152012e-06
2018,60代,知能犯,,1161,17018934.901164815,6.821813507968342e-05
2018,60代,窃盗犯,,14048,17018934.901164815,0.0008254335586558077
2018,60代,粗暴犯,,5000,17018934.901164815,0.0002937904180864919
2018,60代,風俗犯,,481,17018934.901164815,2.8262638219920524e-05
2018,70代以上,その他の刑法犯,,2615,26235469.666795284,9.967422093874897e-05
2018,70代以上,凶悪犯,不同意性交等,13,26235469.666795284,4.955123794278151e-07
2018,70代以上,凶悪犯,強盗,68,26235469.666795284,2.5919109077762637e-06
2018,70代以上,凶悪犯,放火,60,26235469.666795284,2.2869802127437624e-06
2018,70代以上,凶悪犯,殺人,90,26235469.666795284,3.4304703191156433e-06
2018,70代以上,知能犯,,540,26235469.666795284,2.058282191469386e-05
2018,70代以上,窃盗犯,,23760,26235469.666795284,0.0009056441642465298
2018,70代以上,粗暴犯,,3966,26235469.666795284,0.00015116939206236268
2018,70代以上,風俗犯,,292,26235469.666795284,1.112997036868631e-05
2019,10代(14歳以上),その他の刑法犯,,3860,6926823.458983257,0.0005572539884777984
2019,10代(14歳以上),凶悪犯,不同意性交等,144,6926823.458983257,2.078874982922357e-05
2019,10代(14歳以上),凶悪犯,強盗,270,6926823.458983257,3.897890592979419e-05
2019,10代(14歳以上),凶悪犯,放火,31,6926823.458983257,4.475355866013407e-06
2019,10代(14歳以上),凶悪犯,殺人,48,6926823.458983257,6.929583276407856e-06
2019,10代(14歳以上),知能犯,,976,6926823.458983257,0.00014090152662029308
2019,10代(14歳以上),窃盗犯,,11019,6926823.458983257,0.0015907724608903784
2019,10代(14歳以上),粗暴犯,,3543,6926823.458983257,0.0005114898655898548
2019,10代(14歳以上),風俗犯,,519,6926823.458983257,7.492611917615994e-05
2019,20代,その他の刑法犯,,5957,12824453.124957735,0.0004645032378345281
2019,20代,凶悪犯,不同意性交等,386,12824453.124957735,3.0098749337607496e-05
2019,20代,凶悪犯,強盗,504,12824453.124957735,3.9299921414907194e-05
2019,20代,凶悪犯,放火,97,12824453.124957735,7.5636753516785676e-06
2019,20代,凶悪犯,殺人,187,12824453.124957735,1.4581518461483425e-05
2019,20代,知能犯,,2954,12824453.124957735,0.00023034120607070608
2019,20代,窃盗犯,,13231,12824453.124957735,0.0010317009131758674
2019,20代,粗暴犯,,9599,12824453.124957735,0.0007484919556779646
2019,20代,風俗犯,,1152,12824453.124957735,8.982839180550217e-05
2019,30代,その他の刑法犯,,4221,14543487.012444008,0.0002902330092080626
2019,30代,凶悪犯,不同意性交等,281,14543487.012444008,1.932136356016716e-05
2019,30代,凶悪犯,強盗,265,14543487.012444008,1.822121474535337e-05
2019,30代,凶悪犯,放火,79,14543487.012444008,5.43198477314308e-06
2019,30代,凶悪犯,殺人,187,14543487.012444008,1.2857989273136153e-05
2019,30代,知能犯,,2048,14543487.012444008,0.00014081904829616493
2019,30代,窃盗犯,,10356,14543487.012444008,0.0007120713203882245
2019,30代,粗暴犯,,10174,14543487.012444008,0.0006995571276197177
2019,30代,風俗犯,,1193,14543487.012444008,8.20298460045531e-05
2019,40代,その他の刑法犯,,4260,18681506.052853342,0.00022803300697211957
2019,40代,凶悪犯,不同意性交等,222,18681506.052853342,1.1883410222490738e-05
2019,40代,凶悪犯,強盗,222,18681506.052853342,1.1883410222490738e-05
2019,40代,凶悪犯,放火,87,18681506.052853342,4.657012114219344e-06
2019,40代,凶悪犯,殺人,192,18681506.052853342,1.0277543976208206e-05
2019,40代,知能犯,,1970,18681506.052853342,0.00010545188350588628
2019,40代,窃盗犯,,12448,18681506.052853342,0.0006663274344574987
2019,40代,粗暴犯,,11254,18681506.052853342,0.0006024139578554539
2019,40代,風俗犯,,1060,18681506.052853342,5.674060736864947e-05
2019,50代,その他の刑法犯,,3436,16396166.56538514,0.00020956117921209282
2019,50代,凶悪犯,不同意性交等,89,16396166.56538514,5.428098064573999e-06
2019,50代,凶悪犯,強盗,166,16396166.56538514,1.0124317738418921e-05
2019,50代,凶悪犯,放火,87,16396166.56538514,5.3061183327858195e-06
2019,50代,凶悪犯,殺人,106,16396166.56538514,6.4649257847735275e-06
2019,50代,知能犯,,1476,16396166.56538514,9.002104205967666e-05
2019,50代,窃盗犯,,11790,16396166.56538514,0.0007190705188913197
2019,50代,粗暴犯,,7257,16396166.56538514,0.00044260345679341024
2019,50代,風俗犯,,681,16396166.56538514,4.153409867387521e-05
2019,60代,その他の刑法犯,,2705,16297365.251090106,0.0001659777490609451
2019,60代,凶悪犯,不同意性交等,35,16297365.251090106,2.147586401897626e-06
2019,60代,凶悪犯,強盗,107,16297365.251090106,6.5654784286584565e-06
2019,60代,凶悪犯,放火,84,16297365.251090106,5.154207364554302e-06
2019,60代,凶悪犯,殺人,83,16297365.251090106,5.092847753071513e-06
2019,60代,知能犯,,985,16297365.251090106,6.0439217310547475e-05
2019,60代,窃盗犯,,12507,16297365.251090106,0.000767424660815246
2019,60代,粗暴犯,,4795,16297365.251090106,0.00029421933705997474
2019,60代,風俗犯,,459,16297365.251090106,2.8164061670600294e-05
2019,70代以上,その他の刑法犯,,2639,27205761.107237026,9.700151337791456e-05
2019,70代以上,凶悪犯,不同意性交等,21,27205761.107237026,7.718953319197445e-07
2019,70代以上,凶悪犯,強盗,70,27205761.107237026,2.5729844397324817e-06
2019,70代以上,凶悪犯,放火,54,27205761.107237026,1.9848737106507716e-06
2019,70代以上,凶悪犯,殺人,121,27205761.107237026,4.4475873886804326e-06
2019,70代以上,知能犯,,556,27205761.107237026,2.0436847835589426e-05
2019,70代以上,窃盗犯,,22793,27205761.107237026,0.0008378004904974636
2019,70代以上,粗暴犯,,4167,27205761.107237026,0.00015316608800521788
2019,70代以上,風俗犯,,342,27205761.107237026,1.2570866834121553e-05
2020,10代(14歳以上),その他の刑法犯,,3618,6808287.978818845,0.0005314111287971222
2020,10代(14歳以上),凶悪犯,不同意性交等,134,6808287.978818845,1.9681893659152674e-05
2020,10代(14歳以上),凶悪犯,強盗,341,6808287.978818845,5.008601296844076e-05
2020,10代(14歳以上),凶悪犯,放火,34,6808287.978818845,4.993913316501425e-06
2020,10代(14歳以上),凶悪犯,殺人,50,6808287.978818845,7.343990171325624e-06
2020,10代(14歳以上),知能犯,,792,6808287.978818845,0.0001163288043137979
2020,10代(14歳以上),窃盗犯,,9403,6808287.978818845,0.001381110791619497
2020,10代(14歳以上),粗暴犯,,3115,6808287.978818845,0.00045753058767358644
2020,10代(14歳以上),風俗犯,,417,6808287.978818845,6.124887802885571e-05
2020,20代,その他の刑法犯,,5602,12806269.549998995,0.0004374419871554585
2020,20代,凶悪犯,不同意性交等,352,12806269.549998995,2.7486536858036665e-05
2020,20代,凶悪犯,強盗,531,12806269.549998995,4.1464065544367813e-05
2020,20代,凶悪犯,放火,110,12806269.549998995,8.589542768136458e-06
2020,20代,凶悪犯,殺人,176,12806269.549998995,1.3743268429018332e-05
2020,20代,知能犯,,2793,12806269.549998995,0.00021809629955822844
2020,20代,窃盗犯,,12202,12806269.549998995,0.0009528145532436461
2020,20代,粗暴犯,,9226,12806269.549998995,0.000720428377989336
2020,20代,風俗犯,,1079,12806269.549998995,8.425560588017489e-05
2020,30代,その他の刑法犯,,3937,14273688.675027236,0.00027582218511519325
2020,30代,凶悪犯,不同意性交等,305,14273688.675027236,2.1367987416848854e-05
2020,30代,凶悪犯,強盗,260,14273688.675027236,1.8215333535674436e-05
2020,30代,凶悪犯,放火,87,14273688.675027236,6.095130836937215e-06
2020,30代,凶悪犯,殺人,157,14273688.675027236,1.099925909654187e-05
2020,30代,知能犯,,1983,14273688.675027236,0.00013892694769708616
2020,30代,窃盗犯,,9583,14273688.675027236,0.0006713751587398774
2020,30代,粗暴犯,,9381,14273688.675027236,0.000657223245762161
2020,30代,風俗犯,,1145,14273688.675027236,8.021752653210472e-05
2020,40代,その他の刑法犯,,4129,18384550.222035114,0.00022459075420029135
2020,40代,凶悪犯,不同意性交等,225,18384550.222035114,1.22385371022198e-05
2020,40代,凶悪犯,強盗,213,18384550.222035114,1.1585815123434745e-05
2020,40代,凶悪犯,放火,109,18384550.222035114,5.928891307297592e-06
2020,40代,凶悪犯,殺人,171,18384550.222035114,9.301288197687048e-06
2020,40代,知能犯,,1971,18384550.222035114,0.00010720958501544545
2020,40代,窃盗犯,,11594,18384550.222035114,0.0006306382185028282
2020,40代,粗暴犯,,10416,18384550.222035114,0.0005665626775854286
2020,40代,風俗犯,,1082,18384550.222035114,5.8853765087119215e-05
2020,50代,その他の刑法犯,,3321,16702202.612216294,0.00019883605037643122
2020,50代,凶悪犯,不同意性交等,101,16702202.612216294,6.047106620903207e-06
2020,50代,凶悪犯,強盗,146,16702202.612216294,8.741362046058103e-06
2020,50代,凶悪犯,放火,110,16702202.612216294,6.585957705934186e-06
2020,50代,凶悪犯,殺人,143,16702202.612216294,8.561745017714443e-06
2020,50代,知能犯,,1496,16702202.612216294,8.956902480070494e-05
2020,50代,窃盗犯,,11341,16702202.612216294,0.0006790122394818146
2020,50代,粗暴犯,,7062,16702202.612216294,0.0004228184847209748
2020,50代,風俗犯,,726,16702202.612216294,4.346732085916563e-05
2020,60代,その他の刑法犯,,2574,15690216.890049974,0.00016405126952912386
2020,60代,凶悪犯,不同意性交等,33,15690216.890049974,2.1032214042195367e-06
2020,60代,凶悪犯,強盗,86,15690216.890049974,5.481122447360005e-06
2020,60代,凶悪犯,放火,68,15690216.890049974,4.333910772331167e-06
2020,60代,凶悪犯,殺人,68,15690216.890049974,4.333910772331167e-06
2020,60代,知能犯,,951,15690216.890049974,6.061101683069029e-05
2020,60代,窃盗犯,,11589,15690216.890049974,0.0007386131167727337
2020,60代,粗暴犯,,4446,15690216.890049974,0.00028336128373212307
2020,60代,風俗犯,,416,15690216.890049974,2.6513336489555375e-05
2020,70代以上,その他の刑法犯,,2789,27794273.909797005,0.00010034440939350911
2020,70代以上,凶悪犯,不同意性交等,27,27794273.909797005,9.71423109940748e-07
2020,70代以上,凶悪犯,強盗,77,27794273.909797005,2.7703547950162073e-06
2020,70代以上,凶悪犯,放火,64,27794273.909797005,2.302632556896588e-06
2020,70代以上,凶悪犯,殺人,113,27794273.909797005,4.065585608270538e-06
2020,70代以上,知能犯,,561,27794273.909797005,2.0184013506546652e-05
2020,70代以上,窃盗犯,,22752,27794273.909797005,0.0008185858739767369
2020,70代以上,粗暴犯,,4462,27794273.909797005,0.00016053666357613398
2020,70代以上,風俗犯,,337,27794273.909797005,1.2124799557408595e-05
2021,10代(14歳以上),その他の刑法犯,,2848,6676485.467723809,0.0004265717365473363
2021,10代(14歳以上),凶悪犯,不同意性交等,150,6676485.467723809,2.2466910281636392e-05
2021,10代(14歳以上),凶悪犯,強盗,235,6676485.467723809,3.5198159441230344e-05
2021,10代(14歳以上),凶悪犯,放火,30,6676485.467723809,4.4933820563272785e-06
2021,10代(14歳以上),凶悪犯,殺人,40,6676485.467723809,5.991176075103037e-06
2021,10代(14歳以上),知能犯,,1084,6676485.467723809,0.00016236087163529233
2021,10代(14歳以上),窃盗犯,,7599,6676485.467723809,0.0011381736748676996
2021,10代(14歳以上),粗暴犯,,2881,6676485.467723809,0.0004315144568092963
2021,10代(14歳以上),風俗犯,,482,6676485.467723809,7.21936717049916e-05
2021,20代,その他の刑法犯,,4602,12709994.624929521,0.0003620772577648135
2021,20代,凶悪犯,不同意性交等,392,12709994.624929521,3.0841869848719446e-05
2021,20代,凶悪犯,強盗,509,12709994.624929521,4.004722385968928e-05
2021,20代,凶悪犯,放火,88,12709994.624929521,6.923685068079875e-06
2021,20代,凶悪犯,殺人,220,12709994.624929521,1.7309212670199688e-05
2021,20代,知能犯,,4006,12709994.624929521,0.0003151850270764543
2021,20代,窃盗犯,,11424,12709994.624929521,0.0008988202070198237
2021,20代,粗暴犯,,8710,12709994.624929521,0.0006852874652610876
2021,20代,風俗犯,,1180,12709994.624929521,9.284032250379832e-05
2021,30代,その他の刑法犯,,3494,13953612.301527107,0.0002504011093684759
2021,30代,凶悪犯,不同意性交等,307,13953612.301527107,2.2001471258191787e-05
2021,30代,凶悪犯,強盗,255,13953612.301527107,1.827483769002901e-05
2021,30代,凶悪犯,放火,93,13953612.301527107,6.664940804598815e-06
2021,30代,凶悪犯,殺人,153,13953612.301527107,1.0964902614017405e-05
2021,30代,知能犯,,2220,13953612.301527107,0.00015909858694848785
2021,30代,窃盗犯,,8949,13953612.301527107,0.0006413393038747828
2021,30代,粗暴犯,,8556,13953612.301527107,0.0006131745540230909
2021,30代,風俗犯,,1126,13953612.301527107,8.069594995675555e-05
2021,40代,その他の刑法犯,,3785,17929203.373177182,0.0002111080967301935
2021,40代,凶悪犯,不同意性交等,239,17929203.373177182,1.3330207428934278e-05
2021,40代,凶悪犯,強盗,163,17929203.373177182,9.09131301638614e-06
2021,40代,凶悪犯,放火,92,17929203.373177182,5.131293236242484e-06
2021,40代,凶悪犯,殺人,155,17929203.373177182,8.645113604538968e-06
2021,40代,知能犯,,2088,17929203.373177182,0.00011645804649211203
2021,40代,窃盗犯,,11161,17929203.373177182,0.0006225039544532865
2021,40代,粗暴犯,,9804,17929203.373177182,0.0005468173792187099
2021,40代,風俗犯,,1112,17929203.373177182,6.202171824675697e-05
2021,50代,その他の刑法犯,,3223,17089229.392901115,0.00018859832271540797
2021,50代,凶悪犯,不同意性交等,98,17089229.392901115,5.734606151445852e-06
2021,50代,凶悪犯,強盗,119,17089229.392901115,6.963450326755678e-06
2021,50代,凶悪犯,放火,104,17089229.392901115,6.085704487248659e-06
2021,50代,凶悪犯,殺人,125,17089229.392901115,7.314548662558485e-06
2021,50代,知能犯,,1600,17089229.392901115,9.362622288074861e-05
2021,50代,窃盗犯,,11227,17089229.392901115,0.0006569635026763529
2021,50代,粗暴犯,,7105,17089229.392901115,0.00041575894597982427
2021,50代,風俗犯,,708,17089229.392901115,4.142960362473126e-05
2021,60代,その他の刑法犯,,2336,15264568.854470002,0.00015303412905212435
2021,60代,凶悪犯,不同意性交等,42,15264568.854470002,2.751469786039907e-06
2021,60代,凶悪犯,強盗,104,15264568.854470002,6.813163279717864e-06
2021,60代,凶悪犯,放火,68,15264568.854470002,4.454760605969373e-06
2021,60代,凶悪犯,殺人,59,15264568.854470002,3.86515993753225e-06
2021,60代,知能犯,,924,15264568.854470002,6.053233529287795e-05
2021,60代,窃盗犯,,10974,15264568.854470002,0.0007189197483809985
2021,60代,粗暴犯,,4055,15264568.854470002,0.00026564785672361483
2021,60代,風俗犯,,431,15264568.854470002,2.8235320899599997e-05
2021,70代以上,その他の刑法犯,,2671,28346329.32262694,9.422736784010772e-05
2021,70代以上,凶悪犯,不同意性交等,23,28346329.32262694,8.113925347519571e-07
2021,70代以上,凶悪犯,強盗,75,28346329.32262694,2.645845222017251e-06
2021,70代以上,凶悪犯,放火,59,28346329.32262694,2.0813982413202377e-06
2021,70代以上,凶悪犯,殺人,96,28346329.32262694,3.3866818841820816e-06
2021,70代以上,知能犯,,561,28346329.32262694,1.979092226068904e-05
2021,70代以上,窃盗犯,,23026,28346329.32262694,0.0008123097610955898
2021,70代以上,粗暴犯,,4613,28346329.32262694,0.00016273712012220774
2021,70代以上,風俗犯,,383,28346329.32262694,1.3511449600434763e-05
2022,10代(14歳以上),その他の刑法犯,,2883,6605500.0580385,0.00043645446592518924
2022,10代(14歳以上),凶悪犯,不同意性交等,186,6605500.0580385,2.8158352640334787e-05
2022,10代(14歳以上),凶悪犯,強盗,245,6605500.0580385,3.709030320904314e-05
2022,10代(14歳以上),凶悪犯,放火,40,6605500.0580385,6.055559707598879e-06
2022,10代(14歳以上),凶悪犯,殺人,51,6605500.0580385,7.720838627188571e-06
2022,10代(14歳以上),知能犯,,895,6605500.0580385,0.00013549314845752493
2022,10代(14歳以上),窃盗犯,,7695,6605500.0580385,0.0011649382987493344
2022,10代(14歳以上),粗暴犯,,2880,6605500.0580385,0.0004360002989471193
2022,10代(14歳以上),風俗犯,,501,6605500.0580385,7.584588533767596e-05
2022,20代,その他の刑法犯,,4537,12706594.070576098,0.00035705870312691113
2022,20代,凶悪犯,不同意性交等,428,12706594.070576098,3.368329842149393e-05
2022,20代,凶悪犯,強盗,403,12706594.070576098,3.171581603706087e-05
2022,20代,凶悪犯,放火,84,12706594.070576098,6.61074081169507e-06
2022,20代,凶悪犯,殺人,171,12706594.070576098,1.3457579509522108e-05
2022,20代,知能犯,,4221,12706594.070576098,0.0003321897257876773
2022,20代,窃盗犯,,10636,12706594.070576098,0.0008370457056331996
2022,20代,粗暴犯,,8601,12706594.070576098,0.0006768926395403487
2022,20代,風俗犯,,1184,12706594.070576098,9.317996572674956e-05
2022,30代,その他の刑法犯,,3377,13704618.303704316,0.00024641328384076243
2022,30代,凶悪犯,不同意性交等,290,13704618.303704316,2.116074987083835e-05
2022,30代,凶悪犯,強盗,194,13704618.303704316,1.4155811982560829e-05
2022,30代,凶悪犯,放火,91,13704618.303704316,6.640097373263069e-06
2022,30代,凶悪犯,殺人,170,13704618.303704316,1.2404577510491447e-05
2022,30代,知能犯,,2273,13704618.303704316,0.00016585649812557093
2022,30代,窃盗犯,,8385,13704618.303704316,0.0006118375436792399
2022,30代,粗暴犯,,8587,13704618.303704316,0.0006265771004858239
2022,30代,風俗犯,,1233,13704618.303704316,8.996967100256443e-05
2022,40代,その他の刑法犯,,3567,17436992.043921646,0.0002045650987862565
2022,40代,凶悪犯,不同意性交等,251,17436992.043921646,1.4394684551542018e-05
2022,40代,凶悪犯,強盗,177,17436992.043921646,1.0150833329175048e-05
2022,40代,凶悪犯,放火,99,17436992.043921646,5.677584743436892e-06
2022,40代,凶悪犯,殺人,133,17436992.043921646,7.627462332091986e-06
2022,40代,知能犯,,1974,17436992.043921646,0.00011320759882368106
2022,40代,窃盗犯,,10028,17436992.043921646,0.0005750991899715672
2022,40代,粗暴犯,,9567,17436992.043921646,0.0005486611438430378
2022,40代,風俗犯,,1030,17436992.043921646,5.9069821068080794e-05
2022,50代,その他の刑法犯,,3208,17534110.388907522,0.00018295767101075478
2022,50代,凶悪犯,不同意性交等,117,17534110.388907522,6.672708076140371e-06
2022,50代,凶悪犯,強盗,161,17534110.388907522,9.182102566312819e-06
2022,50代,凶悪犯,放火,107,17534110.388907522,6.102391146555724e-06
2022,50代,凶悪犯,殺人,116,17534110.388907522,6.615676383181906e-06
2022,50代,知能犯,,1584,17534110.388907522,9.03382016462081e-05
2022,50代,窃盗犯,,10771,17534110.388907522,0.0006142883648556234
2022,50代,粗暴犯,,7409,17534110.388907522,0.00042254781312926504
2022,50代,風俗犯,,734,17534110.388907522,4.186126263151309e-05
2022,60代,その他の刑法犯,,2255,14994373.813214261,0.0001503897413850461
2022,60代,凶悪犯,不同意性交等,41,14994373.813214261,2.7343589342735653e-06
2022,60代,凶悪犯,強盗,69,14994373.813214261,4.601726011338439e-06
2022,60代,凶悪犯,放火,61,14994373.813214261,4.068192560748475e-06
2022,60代,凶悪犯,殺人,59,14994373.813214261,3.934809198100984e-06
2022,60代,知能犯,,918,14994373.813214261,6.122296345519836e-05
2022,60代,窃盗犯,,9991,14994373.813214261,0.0006663165881055412
2022,60代,粗暴犯,,4050,14994373.813214261,0.00027010130936116924
2022,60代,風俗犯,,408,14994373.813214261,2.7210205980088162e-05
2022,70代以上,その他の刑法犯,,2722,28705953.399066877,9.482353580663452e-05
2022,70代以上,凶悪犯,不同意性交等,26,28705953.399066877,9.057354632522034e-07
2022,70代以上,凶悪犯,強盗,73,28705953.399066877,2.54302649297734e-06
2022,70代以上,凶悪犯,放火,50,28705953.399066877,1.741798967792699e-06
2022,70代以上,凶悪犯,殺人,85,28705953.399066877,2.961058245247588e-06
2022,70代以上,知能犯,,669,28705953.399066877,2.330527018906631e-05
2022,70代以上,窃盗犯,,21728,28705953.399066877,0.0007569161594439952
2022,70代以上,粗暴犯,,4588,28705953.399066877,0.00015982747328465805
2022,70代以上,風俗犯,,342,28705953.399066877,1.191390493970206e-05
2023,10代(14歳以上),その他の刑法犯,,3548,6592797.879015552,0.0005381630174486395
2023,10代(14歳以上),凶悪犯,不同意性交等,199,6592797.879015552,3.0184453346189196e-05
2023,10代(14歳以上),凶悪犯,強盗,341,6592797.879015552,5.172310849774128e-05
2023,10代(14歳以上),凶悪犯,放火,45,6592797.879015552,6.825630153660873e-06
2023,10代(14歳以上),凶悪犯,殺人,45,6592797.879015552,6.825630153660873e-06
2023,10代(14歳以上),知能犯,,924,6592797.879015552,0.00014015293915516994
2023,10代(14歳以上),窃盗犯,,10021,6592797.879015552,0.0015199919948852359
2023,10代(14歳以上),粗暴犯,,3616,6592797.879015552,0.0005484773030141715
2023,10代(14歳以上),風俗犯,,660,6592797.879015552,0.0001001092422536928
2023,20代,その他の刑法犯,,4825,12807359.72025238,0.0003767365097405821
2023,20代,凶悪犯,不同意性交等,559,12807359.72025238,4.3646779055955525e-05
2023,20代,凶悪犯,強盗,497,12807359.72025238,3.8805812505921104e-05
2023,20代,凶悪犯,放火,78,12807359.72025238,6.090248240365887e-06
2023,20代,凶悪犯,殺人,168,12807359.72025238,1.3117457748480373e-05
2023,20代,知能犯,,3648,12807359.72025238,0.0002848362253955738
2023,20代,窃盗犯,,11595,12807359.72025238,0.0009053388249620829
2023,20代,粗暴犯,,9218,12807359.72025238,0.0007197424138422147
2023,20代,風俗犯,,1523,12807359.72025238,0.00011891600089842624
2023,30代,その他の刑法犯,,3499,13550957.590489157,0.0002582105343208955
2023,30代,凶悪犯,不同意性交等,470,13550957.590489157,3.4683895721869363e-05
2023,30代,凶悪犯,強盗,243,13550957.590489157,1.7932312043434583e-05
2023,30代,凶悪犯,放火,105,13550957.590489157,7.74852989531124e-06
2023,30代,凶悪犯,殺人,155,13550957.590489157,1.143830603593564e-05
2023,30代,知能犯,,2158,13550957.590489157,0.00015925073822934912
2023,30代,窃盗犯,,8914,13550957.590489157,0.0006578132903505181
2023,30代,粗暴犯,,9083,13550957.590489157,0.0006702847337058286
2023,30代,風俗犯,,1468,13550957.590489157,0.00010833182748873239
2023,40代,その他の刑法犯,,3670,16973804.852376964,0.00021621551749406755
2023,40代,凶悪犯,不同意性交等,337,16973804.852376964,1.9854122451090127e-05
2023,40代,凶悪犯,強盗,166,16973804.852376964,9.779775450685344e-06
2023,40代,凶悪犯,放火,116,16973804.852376964,6.834059953490963e-06
2023,40代,凶悪犯,殺人,134,16973804.852376964,7.89451753248094e-06
2023,40代,知能犯,,1967,16973804.852376964,0.00011588444765962694
2023,40代,窃盗犯,,10224,16973804.852376964,0.000602339904866307
2023,40代,粗暴犯,,10199,16973804.852376964,0.0006008670471177097
2023,40代,風俗犯,,1280,16973804.852376964,7.541031672817614e-05
2023,50代,その他の刑法犯,,3533,18013389.920670725,0.00019613187831712963
2023,50代,凶悪犯,不同意性交等,190,18013389.920670725,1.0547709278305867e-05
2023,50代,凶悪犯,強盗,168,18013389.920670725,9.326395572396767e-06
2023,50代,凶悪犯,放火,93,18013389.920670725,5.162826120433925e-06
2023,50代,凶悪犯,殺人,124,18013389.920670725,6.883768160578566e-06
2023,50代,知能犯,,1665,18013389.920670725,9.24312418335751e-05
2023,50代,窃盗犯,,11614,18013389.920670725,0.000644742608201286
2023,50代,粗暴犯,,8278,18013389.920670725,0.00045954703897797876
2023,50代,風俗犯,,968,18013389.920670725,5.373780306000042e-05
2023,60代,その他の刑法犯,,2310,14901165.689766103,0.00015502142906755767
2023,60代,凶悪犯,不同意性交等,74,14901165.689766103,4.96605443766202e-06
2023,60代,凶悪犯,強盗,100,14901165.689766103,6.710884375218946e-06
2023,60代,凶悪犯,放火,55,14901165.689766103,3.6909864063704206e-06
2023,60代,凶悪犯,殺人,70,14901165.689766103,4.697619062653263e-06
2023,60代,知能犯,,965,14901165.689766103,6.476003422086283e-05
2023,60代,窃盗犯,,10328,14901165.689766103,0.0006931001382726129
2023,60代,粗暴犯,,4415,14901165.689766103,0.0002962855451659165
2023,60代,風俗犯,,465,14901165.689766103,3.12056123447681e-05
2023,70代以上,その他の刑法犯,,2836,28917140.52411378,9.807332082627884e-05
2023,70代以上,凶悪犯,不同意性交等,46,28917140.52411378,1.5907520303275128e-06
2023,70代以上,凶悪犯,強盗,86,28917140.52411378,2.9740146653949155e-06
2023,70代以上,凶悪犯,放火,84,28917140.52411378,2.9048515336415455e-06
2023,70代以上,凶悪犯,殺人,112,28917140.52411378,3.873135378188727e-06
2023,70代以上,知能犯,,640,28917140.52411378,2.213220216107844e-05
2023,70代以上,窃盗犯,,22839,28917140.52411378,0.0007898083830576102
2023,70代以上,粗暴犯,,5037,28917140.52411378,0.00017418734732086265
2023,70代以上,風俗犯,,476,28917140.52411378,1.646082535730209e-05
2024,10代(14歳以上),その他の刑法犯,,3851,6570724.673406683,0.0005860845175245178
2024,10代(14歳以上),凶悪犯,不同意性交等,311,6570724.673406683,4.7331156829427426e-05
2024,10代(14歳以上),凶悪犯,強盗,481,6570724.673406683,7.320349335998261e-05
2024,10代(14歳以上),凶悪犯,放火,31,6570724.673406683,4.717896661454181e-06
2024,10代(14歳以上),凶悪犯,殺人,57,6570724.673406683,8.674842248480268e-06
2024,10代(14歳以上),知能犯,,954,6570724.673406683,0.00014518946500088027
2024,10代(14歳以上),窃盗犯,,11264,6570724.673406683,0.0017142705804716093
2024,10代(14歳以上),粗暴犯,,4074,6570724.673406683,0.0006200229354440107
2024,10代(14歳以上),風俗犯,,1251,6570724.673406683,0.00019038995882190903
2024,20代,その他の刑法犯,,5085,12906160.86150977,0.00039399787857635255
2024,20代,凶悪犯,不同意性交等,1037,12906160.86150977,8.034922322196217e-05
2024,20代,凶悪犯,強盗,542,12906160.86150977,4.199544743134377e-05
2024,20代,凶悪犯,放火,85,12906160.86150977,6.586001903439521e-06
2024,20代,凶悪犯,殺人,211,12906160.86150977,1.634878119559693e-05
2024,20代,知能犯,,3229,12906160.86150977,0.00025019058995536723
2024,20代,窃盗犯,,11976,12906160.86150977,0.0009279289270069613
2024,20代,粗暴犯,,9279,12906160.86150977,0.000718958960729592
2024,20代,風俗犯,,2534,12906160.86150977,0.0001963403390978323
2024,30代,その他の刑法犯,,3559,13429126.551180687,0.00026502095921399245
2024,30代,凶悪犯,不同意性交等,743,13429126.551180687,5.5327500055070635e-05
2024,30代,凶悪犯,強盗,224,13429126.551180687,1.6680161524005145e-05
2024,30代,凶悪犯,放火,80,13429126.551180687,5.957200544287551e-06
2024,30代,凶悪犯,殺人,189,13429126.551180687,1.4073886285879341e-05
2024,30代,知能犯,,2265,13429126.551180687,0.0001686632404101413
2024,30代,窃盗犯,,9180,13429126.551180687,0.0006835887624569966
2024,30代,粗暴犯,,8982,13429126.551180687,0.0006688446911098849
2024,30代,風俗犯,,2552,13429126.551180687,0.0001900346973627729
2024,40代,その他の刑法犯,,3761,16496530.002173195,0.0002279873403379098
2024,40代,凶悪犯,不同意性交等,585,16496530.002173195,3.5462003216611866e-05
2024,40代,凶悪犯,強盗,186,16496530.002173195,1.1275098458615055e-05
2024,40代,凶悪犯,放火,93,16496530.002173195,5.6375492293075276e-06
2024,40代,凶悪犯,殺人,157,16496530.002173195,9.517153000013784e-06
2024,40代,知能犯,,1948,16496530.002173195,0.00011808543977087165
2024,40代,窃盗犯,,10199,16496530.002173195,0.0006182512321473922
2024,40代,粗暴犯,,9621,16496530.002173195,0.0005832135605932013
2024,40代,風俗犯,,2117,16496530.002173195,0.00012833001847789287
2024,50代,その他の刑法犯,,3616,18380355.752631065,0.0001967317743282736
2024,50代,凶悪犯,不同意性交等,249,18380355.752631065,1.3547071849485655e-05
2024,50代,凶悪犯,強盗,169,18380355.752631065,9.19459896611677e-06
2024,50代,凶悪犯,放火,106,18380355.752631065,5.767026570463772e-06
2024,50代,凶悪犯,殺人,124,18380355.752631065,6.746332969221772e-06
2024,50代,知能犯,,1645,18380355.752631065,8.94977236642727e-05
2024,50代,窃盗犯,,12111,18380355.752631065,0.0006589099886310071
2024,50代,粗暴犯,,8381,18380355.752631065,0.0004559759404439328
2024,50代,風俗犯,,1444,18380355.752631065,7.856213554480837e-05
2024,60代,その他の刑法犯,,2372,14916447.596674383,0.000159019095171751
2024,60代,凶悪犯,不同意性交等,100,14916447.596674383,6.704009071321712e-06
2024,60代,凶悪犯,強盗,85,14916447.596674383,5.698407710623455e-06
2024,60代,凶悪犯,放火,53,14916447.596674383,3.553124807800507e-06
2024,60代,凶悪犯,殺人,81,14916447.596674383,5.430247347770586e-06
2024,60代,知能犯,,852,14916447.596674383,5.711815728766098e-05
2024,60代,窃盗犯,,10718,14916447.596674383,0.000718535692264261
2024,60代,粗暴犯,,4276,14916447.596674383,0.0002866634278897164
2024,60代,風俗犯,,674,14916447.596674383,4.518502114070833e-05
2024,70代以上,その他の刑法犯,,2876,29007659.296148162,9.914622791994441e-05
2024,70代以上,凶悪犯,不同意性交等,61,29007659.296148162,2.102892873128167e-06
2024,70代以上,凶悪犯,強盗,93,29007659.296148162,3.2060497901790093e-06
2024,70代以上,凶悪犯,放火,63,29007659.296148162,2.171840180443845e-06
2024,70代以上,凶悪犯,殺人,104,29007659.296148162,3.585259980415236e-06
2024,70代以上,知能犯,,653,29007659.296148162,2.2511295838568742e-05
2024,70代以上,窃盗犯,,22854,29007659.296148162,0.0007878608806962482
2024,70代以上,粗暴犯,,4871,29007659.296148162,0.00016792116696733283
2024,70代以上,風俗犯,,502,29007659.296148162,1.730577413623508e-05
